	review
0	@gfalcone601 that little girl on BGT! how sad! i cried  lol xxxxxxxxxxxxxxxxxxx
1	Today I wrote two songs (one for temple which I will probably never perform ever) and one for mothers day. Happy vesak everyone  rena xoxo
2	Have 3 of the 5 grandbabies again today. 19 month old twins and a 3 1/2 month infant. I love every minute of it too.
3	on my way to driver's training
4	@rmolden Yes, maybe, but for today, I write
5	@funhiguy Hi man, yeah I so wanna go, but I'm on Maui  #liloven
6	@domsmitherz what was said?
7	Bah! Still at work. Lol my feet hurt and my nose won't stop running!
8	i thought ur account @DavidArchie was fake. but, it's true, sorry david!
9	2pm today is Quiz Time at the Goat! Game shows to play and prizes to be won! Plus 'Toss Off Tommy' for free drinks! Today from 2! x
10	wants to buy really red* lipstick. But I won't wear it that often
11	@BamaBlockhead No.. $16 is a good price considering WHO you are going to see!    Right?
12	@JanisJ1212 haven't laughed that much in awhile
13	@RobCairns My pleasure.  Hear Kelli has new project!   #followfriday
14	@MrsWilliams @Timperator fï¿½hlt sich ganz so an #montezuma #iphone
15	@MSMyPhone I need a code
16	wants TFA back.  http://plurk.com/p/x2rgl
17	@Fresh_and_Easy when will these stores in Sacramento open? Been waiting and nothing
18	So now we'll pay more in sales tax...great.  Even worse Mom and Pop businesses have to double what they pay in business licenses.
19	Coco still out
20	WOW i just drank a drink of water - 12 ice cubes that took ages to melt. i now have brian freeze
21	Woop, have just bought the Elliot Minor album on itunes. Its finally working for me!!
22	loves it when mom and dad come to visit! nothin better
23	hmm icecream for breakfast  #springtime
24	@NMaize Lucky Rob... always gettin' the T8's from Emalon
25	@serenajwilliams Hi Serena just want to say good luck in Madrid and Paris this month
26	@stormyamorette just one of those days where loneliness creeps up on you slaps you in the face.
27	A little 3 mile run done!  22.5 minutes...  I'm exhausted!  Not impressed with the HRM...
28	finally leaving this place! woohoo! school time!
29	lol if i only can sTay up a few more hours.. i keep missing Tila's lasT posTs ..
30	I Love the lady from the Progressive commercials she's so funny
31	ooh@LuLu_Bell whatchu goin as? Monsterpalooza's this weekend for us.  on the no Ink, i won't be a stressed contestant this year! Miss U X0
32	With my jordie for a little bit
33	yay mothers day  i love mi madre
34	Lookin for work via online, watchin ShayCarl's latest vlog entry on youtube and textin a lady friend.  My beds calling my name though..
35	@Marcyluvstravel omg! I dont blame you! hope you didnt hurt him too bad
36	Wish someone would by my 90mm Mamiya MF lens. Needs the money
37	I miss my daily quotes! Why don't i get them anymore? @sschabowski am I kicked from your mailinglist?
38	@cocoacast I need to move to NY, SanFran, or Seattle to get worth-a-crap internet speeds
39	Father is staying home and conference calling. Sorry @Sparklegirl21
40	As old as the answer to the ultimate question of life, the universe &amp; everything. That's 42, for all the non-Hitchikers Guide fans
41	@ RyanSeacrest : hi there might be a problem as it says no stream online, wat's not right?
42	@mileycyrus I'd love to, but i'm all the way in India.
43	@ Kosme -&gt; careful or you're going to be like me; updating websites and such on a Friday night
44	paathra ....khandvi....kamanee    ...watte sunday mrng
45	Nic has no idea what he's going to do!  money is all gone!
46	@Crossbow1 YOU'RE TELLING ME.
47	i hate having the same hair for too long. i think i want super looong hair now
48	X-Men:Wolverine was hot! I say go watch it
49	Just had a lovely walk with my dog ( all on my own! )...In the dark  But it was a nice walk though HEHE x.
50	@justjen97 BTW, do not plan anything for next Sunday. But do find out times they're showing Wolverine. I will take us to the movies!
51	per @ttorrent dew claw = thumb nub
52	@Princess_DJ Xmas a week early? Hehe, at least you didn't have to do any last min shopping
53	Don't know what to do right now...pretty bored, but I refuse to study. Any suggestions?
54	I just want to watch my Naruto Shippuuden missed episodes.
55	Barnsley To Keep Davey   And Sign A New Experienced Striker.
56	Has been a long day - Matinee and evening show. Will be sad tomorrow: last ever Welsh College show
57	@Lozingsleep Damn, that charming skater look is kind of....HOT! A hot mess  Catherine pls don't hate me for hitting on your friends. tnx
58	I have lived through our band's first performance, and it was pretty damn fun.
59	@RetroBakery I would have to agree on the Bacon Cupcake... Would rather drive 2 the shop instead of 2 the office
60	@suddentwilight Yep, that's me all right - I don't mean the monk is Me - that's my (as in a photo taken by me) in Better Photography
61	Why can't I make a phone call! I hate this anxiety crap. Someone cure me
62	I knew I should've worn the SARS mask on the plane from SoCal.. feeling the beginnings of a sore throat
63	@kristanmarie at least you dont have quad parking haha two cars drove by real fast and spashed mud all over me
64	OMG sore shoulder
65	fucking hates goodbyes
66	ohhhh, how sad...I didnï¿½t get it!
67	waiting for the last video to be rendered. while watching episode 11
68	May the 4th be with you. Happy Star Wars Day!  http://ow.ly/52Aw
69	wanted greg pritchard to go through     what a silly, sobby and hopelessly dull little girl hollie steel is?
70	@TwitMUGSHOT I'm like so upset with you.. haha.. you never told me the 411..
71	gawd the rain is too strong
72	@TaylaMcCloud yeah i did haha 3rd episode is up as well
73	Is listening to P!nk tunage and trying to teach my cat to dance to it... I think she's getting it we can be backing dancers by next tour
74	Finally going home! Its been a long night.. Ready to crash and have awesome dreams
75	Tracy and Berwick breaks my achy breaky heart  They split ways in the hallways.
76	@MissXu Nope  Not that I have to worry about the possibility. I'm more worried about GOOG's design than her personal taste, actually.
77	I'm totally going to bed right now.
78	@jkreeftmeijer you can turn the bird sounds off if you like in twitterena - check out settings from your home page
79	@chang_ROR Hey dude welcome to twitter  its seexyyyyy
80	I'm doing an advert 4 the Make-A-Wish foundation &amp; I can't find photos of kids looking close to death... that's a good thing for the kids
81	Two week extension on contract ... I'm ready for it to be done
82	What am I doing atm? http://twitpic.com/4jmeh Oh yeah. Apple Juice  I'm such a rebel!
83	@tommcfly &quot;We never want to lose the fans that got us here!&quot; Thank you for saying that  Wish you and the others a nice day, greets
84	Wtf why am i JUST getting up now? HM:TM today  but before that... revision revision revision :/
85	Home empty handed.  No comics found today.  I shall now indulge in my cupcakes from Magnolia Bakery.
86	Summer Glau to appear in Dollhouse next year http://tinyurl.com/mnrezc ... I still can't believe they won't renew TSCC
87	90210 9pm  I laaaaaaaaave it.
88	Why does my boss have to come in today.....
89	My phone is dying ....
90	talking to dii and missing her terribly...
91	(@zachflauaus) Note to self: never ever leave the MacBook Pro on the stupid iCurve. It fell off.
92	Happy Mothers Day. Havent got mom a present yet? Print off an Amazon Gift Card for her!  http://snipurl.com/hq0n1
93	good news: my flat is great at regulating temps. in the heat. bad news: its sodding lovely outside and i'm working!
94	@tonyrobbins &quot;paradise is where I am.&quot; he also said
95	looks like another sober weekend ahead...
96	Sgt. Hughes has bacteria meningitis  so i disinfected our female latrine and im writing an essay on meningitis for Sgt. Ski....
97	Just got home from work.. My feet are killing me
98	I SO should've gone right now!!! *wish I could alter time!!  *
99	...No more adventure time
100	Hah! I saw the Wolverine last night!!! Now I can die happy, well not yet though, got a few things to get done first, but was my MoY
101	@HairBoutique Thanks, btw which men's hairstyles are in right now? I'm growing my hair long  anyway hope you are having a good weekend!
102	What's with the gloomy weather? The sun must be too tired to come out and play  heading to victoria gardens for some impulse buys haha
103	made my pin hole camera todaaaaay. need to get some film now!  http://tinyurl.com/cw8wp2
104	@richardepryor You missed me!  lol
105	FUCK FUCK FUCK FUCK, @bradiewebbstack please comment me back  ILY
106	Running errands with my little man. Maybe he won't act like a 3 year old today.
107	ahahah with sandy, bekz, erin and derrian
108	really need to study, many books many updates  :~
109	@zaneology Correction: &quot;facetious&quot; not &quot;sarcastic.&quot; Apologies.  Oh, and happy Mother's Day!
110	@jbrigante haha. I'm on drink #2. Cheat day for me
111	heading to Xtra-vision to get part 2 of Season 3 - CSI Miami baby!!!
112	good morning tweets
113	&quot;Ooh-ooh... it's SHINY&quot;. An dmore awe-tastic quotes from THE BEST ANIMATED MOVIE EVER coming up
114	I say &quot;oh man..&quot; jovani asks, &quot;did you just call me an old man?&quot; haha
115	@midnatsol hello hun, how's things going? Tell me all
116	@rachyzilla still haven't been to the infamous liverpool store  my manager helped set it up said it's awesome (y)
117	6th street was amazing this weekend!!! The wedding was fantastic.. but im really really tired at work from the long eventful weekend
118	Excited bout going out 2nite but bummed cuz im da designated driver. So no drinking for Angie!
119	my phone is broken    &amp; im too lazy to go to the verizon store to get a new one.. oh well i guess no phone for awhile.. aha
120	@man_wi_no_name nope!  the printer in the library didn't work, ill have to pass it in monday
121	didnt say goodnight to you
122	@cookiemonster82 ohhh yea it is from the same film  and this one had been a fave for a longgggg time... any1 for humma humma?
123	is loving life in sydney
124	has applied for OSAP yet again- God, I'm gonna owe major $$$ by the end of my academic career, this just ain't right!!
125	I've got great expectations of tomorrow  It's gonna be awesome!! ? http://blip.fm/~5jf53
126	@AnneTwan May the fourth be with you
127	@antwanduncan ew, tongue kiss
128	@bradfordshimp The least I can do for you is re-tweet it when it's ready. So @ me  Mine is http://bit.ly/xPvT7 - I talk about viral tweets
129	@atlanta_arcelay http://twitpic.com/4xvw2 - I got chased by a male chihuahua that looked like he was pregnant today  He was black and  ...
130	@ragavin  is there anything Brian or I can do?
131	@CostaVidaFred awwwwww sorry we're going to miss you!
132	Just put all the original art for my comics into an album.  Its really nice, except it shows how much I liked to cut corners to finish.
133	Going to bed. Today was another good, if uneventful day.
134	have a splitting headache!
135	@crazytwism http://twitpic.com/416b7 - hey! nice pic
136	@aidadoll LMAAAOOOOO that is horrible. Poor thing
137	Because you're everything to me DEMI LOVATO
138	Ohhh me, i am rather bored. How can a friday night be soo boring!
139	My tooth is bloody killing, not sure I can wait until next week to get it fixed
140	@thedailysurvey Why do we love those that we cannot have?
141	Friday is the new Thursday
142	Yeahh cenare lo mismo qe Rosher! ok ok Roger  wiii
143	http://twitpic.com/4wgp2 - Bambi will eat you
144	Happy Mothers Day to all the mums in my life and those that are not
145	@JayresC: n u can't change your profile backgroud neither
146	So much for just an oil change... Do not pass Go, do not collect $200, lose $160
147	@erinmmoore if we actually watch it, yes we can admit it... our popular culture doesn't define our Christianity!
148	can't sleep without my routine &quot;before-bed snack&quot;, but  to find that it comes along with a fatfat tummy.
149	ipod died today
150	is spending her Saturday morning taking notes for a research essay because some stupid whore recalled the book I'm using. Not fair
151	O'Charleys? Pretty good. Especially when its free. Hot waitress? I think so. Back to work? Unfortunately.
152	@projectcloud pinched nerve
153	@natdcook hey you, honey bear! Don't goooooooo  puhleeezeee..
154	people in my house do not know how to close doors
155	@DrRus @BruceBrownNC Good morning, gents!  How are ya today?
156	@m1dnightc1ty I do too!! Sounds interesting
157	disappointed! I forgot to tweet something really inappropriate @graphicphantom yelled in whole foods yesterday &amp; now I can't remember it.
158	WTF? Twitter doesnt support messages from my phone -I wanted to be able to Twit while on vacay.   Poo on you Twitter
159	@ash_786 It's no secret I'm an apple boy! Have considered the iphone dark side MANY times
160	Missing Everyone
161	Caught in a herd of somalions
162	@_danni haha that's the stupid thing, I did and I'm still getting them &gt;:]
163	Jeff can't get his visa in time to come visit me!    I'm so sad.  In other news, I'm going to Lapa tonight to samba the night away.
164	Had Sbarro for dinner and Krispy Kreme for dessert. Mmmmm! But so not very healthy.
165	..my mother just WON the City of Terrell, Texas District 2 'City Council' Seat  ..i'm M.i.A lol HAPPY MOTHERS DAY
166	happy mothers day!
167	@joycecherrier Awww. Don't mean to sound like an overgrown age 37 baby, but I'm still stick. Not as bad as yesterday, but still bad.
168	sooo tired of this cubicle
169	@NadavS Cant wait to do some of those things
170	@AugustGrrl oh no! Whats up chuck?
171	@bruceswalker   Hi Bruce  I am trying to eat healthy!  It's kinda scary when I read &quot;Eat this Not that&quot;  maggots and rat hair in our food
172	@JessicaSimpson I've been a fan of yours for years and you have been such an inspiration to me. You're truly my idol  Best wishes to you
173	@dorkybarb There are currently 0 penguins at the MN zoo...  but we can go sometime soon.
174	wants to welcome @melizadeleon: back to Plurk again!  http://plurk.com/p/rp5po
175	Packing for Florida  What's the liquids in a carry-on rule - 3 or 4 oz? Haven't flown in over a year
176	@mcraddictal
177	@Lesley_M make sure you watch in HD
178	My back is killing me...  It won't keep me from dropping it low...hope I got someone to pick it back up tho... LOL
179	@HannaG87  There you go.
180	all alone on a friday night
181	Downside to being on client site... no donut today.
182	Happy Mother's Day everyone
183	stood on my curlers and burnt myself  then burnt my hand when i picked them up..
184	Squabbling with people over the internet is great for my Tumblarity, but bad for my ego when they have more internet friends than me
185	@aldenpolicar good day sir. I'm hungry!
186	@TheSims3 well us Brits have to wait a few more days for it!  I thought it was all gonna realized at once! I guess it's worth the wait!
187	in edinburgh. just had a chinese yum! better take wee haggis out hes cryin at me   dunno y tho xox
188	@boomerous Discrimination is not a bad thing. I've learned to say no. My children would say I mastered that years ago
189	@matheusmr sejaaaaa beeeem vindo meu anjo
190	I think the rain killed my phone
191	@Zo_E Aw. well im sorry you don't like July for those reasons
192	Ready, Set.... hmmm DELAY
193	Happy Mother's Day to all the moms out there!
194	@caitymarie I'm not off till 930
195	less than 1 month and im done with high school... ohh my!  my friends
196	@scodal  yeah I saw, looks like hard work, But I would know  whats upp handsome
197	it is so cute watching Matt play with the Wii as I do some work
198	(@ohmyjade) 1-Pendulum = awesome! 2-Goodbyes suck  3-Shut up plz. 4-Toy Story 3!!  5-JB 3D MOVIE 2MORO! 6-I'm tired. 7-Aaaand I'm out.
199	@JackAllTimeLow I wish I could go to your melbourne show but my parents won't let me  *cries*
200	Going to the dirt track races w Aaron. Having a really good hair day! wish I could wear makeup though
201	Fudge.... Just BS'd that whole paper.... So tired.... Ugh I hate school.....  time to sleep!!!!!!!!!!!
202	Wonderful day for my photo practicum of the Fotoschool. I wouldn't mind some typical Dutch clouds though
203	@acinerba Oh man, that sux... price u pay for being on the org chart (and responsible, and stuff...)
204	@heidimontag It was wonderful, just home from a wedding. I love it   How was youre's?
205	@MaryCateOMalley Like the Simpsons? That's like asking, &quot;so you like breathing?&quot;
206	@homeandhosed :O goodness, i havn't heard it. i lovelovelove her old stuff though, the overture the underscore is the best album i think
207	really rather drunk  drunk thoughts - how am i getting to work tomorrow?! is loz alive?! does gandhi read comic books?! we will never know
208	I'm really full and I feel sick
209	Yaaaaaaay, bday!
210	Loving the new skype! Especially for someone like me who lives half a world away from home!
211	@jackalltimelow I just got my JAGK shirt in the mail! Omg I love it!!!  see you saturday!!
212	... lunch is no fun when you have nothing to eat.
213	hoping it will rain again because it's sooo warm
214	@Darcevarchy Re novel - will keep you posted
215	@oyfreakinvey rofl
216	In 24hrs time I will be at uni waiting to start my 1st exam, scary. I am working hard this morning though, and feeling ok about it atm
217	This wraps it up. Well, again a lesson that you shouldn't take nude photos of yourself when you're famous. Or maybe you really should!
218	@Paigex3 hah yeah, its that bad, not gonna lie. :o Have fun
219	@medic60 all work, no play.
220	@BeateVeronica I'm jealous - I would love deer steak. One of the downsides of having an almost vegetarian and a carnivore living together
221	@OnyXx_B all the shows are sold out  so I have to wait til tomorrow or sunday...
222	@Nessie__Cullen_ lol  emmett wont do a dance off again
223	@DirtyRose17  told you, you would sweep haha :-p
224	@HeroBeth That was my entire week!! I didn't get to design once while at my GRAPHIC DESIGN job, only at home doing freelance. Sad.
225	@Helena210 No one to rub it in
226	Good morning everyone! It's back to work for me - so won't be able to chat until tonight - I hope everyone has a great day!
227	Off to the banks to get this thing rolling! Hooray for days off!
228	@RetroRewind ty for feeding our NK addiction..ermm i mean our uhh nope yup addiction covers it
229	Morning.. Coffee and fresh air
230	@sevenspoons I like mine green  Just somehow doesn't taste minty otherwise .. heh heh.
231	@Farung now Eating and meeting at the same time sigh well well I want to start work out too but will have to wait move to my new house
232	@momebie omginorite! I'd be all fancy and tophatted all the time, it's really too bad I can't grow a handlebar moustache..
233	@kasey79 good night
234	Is getting upset at work cus bindz and j are being bullies  and they won't let me go duty free shopping!
235	The scream of sirens, and three fire trucks going south bound on the highway = I will not get home before 7.
236	@Ethan2Rock Thanks for the heads up, Ethan. Watching it now
237	@cosmicxpress cheers we will defo give you a call
238	@CVJason @MINDY979 @inotherwords_c @scrapplesandwic @thenewnicole @Sweettreat Thank you for the FFs my friends!
239	Symantec Ghost image corruption is making me cry
240	@Frozen2theSword YAY! Hope your day at work is wonderful, Sis! We have a Bank Holiday in England today so everyone is off work
241	@damohopo @StephanieEllen If I told you how often I wash my hair you would never speak to me again
242	@lu_lu I must be getting old and bent: that is the second thing you've said in the last couple of days that has not really been a turnon
243	@meredithhawkins Aww nice
244	enjoying listening to the rain fall as I prepare for a conference call at work.... a meeting later today, then to relax tonight
245	Wishes she had a pool
246	@Dollburrell Ooh, cutting. I like you
247	Probably the best birthday I've ever had. I got to spend it with all my favorite people.
248	@Brandi408 thank you!
249	@Jordanbrown Get her Clogging Shoes
250	@NightRPStar I don't think so. We just hired someone for that.
251	@Welshracer I loved him and he was in a mini
252	) no more Chemistry!!! I'm gonna choose English. I find it (Chem.) kinda boring in the end! gonna help people &lt; who choose Chem&gt;
253	@addisontodd um hi. Good morning. Rough night?
254	about to play my first game of apple to apples!!   wish me luck...
255	@Mollieandme When oh when are you coming back for a gig in Scotland? I had tickets to see u last year but was in hosp wit gallstones!
256	http://www.youtube.com/Lillysan I found out this morning I got 800+ subscribers! Thx!  Check on Lillysan Awards! xx Li
257	http://twitpic.com/4jalj - Morning world. #healthyliving update. Weight this morning 82.1kg (12st 12lbs) Going in right direction
258	@Bunny90san ooo... No I believe they've all closed down, even the ones at the airport
259	@JohnhampsonUK Oh very nice! I hope you have a wonderfully relaxing day!
260	@jaybranch You too, remember the kids' grenades will go off again as soon as you've tidied the house
261	bought my dress yesterday!!  Only 12 more days til Chris is home. So excited! Gavin has his first tooth
262	So I'm REALLY considering it at the moment  Same days but even more money. Harder work though but can't imagine harder than I do now.
263	@kheiny so the beneath show got cancelled BUMMER! i guess i wont see you til cornerstone  who are you goign with?
264	About to venture forth to Turkey Creek &amp; fetch the boy after his post prom festivities. Hope he had fun
265	off to bed I go..have a great Mom's Day all you moms!
266	Well thats that then. Exam failed and bsc gone
267	@HoptonHouseBnB now theres a thought .... do you still get goldfish at the fair ?? not seen them for years
268	@catrionat7 Yes yes Is. Ima Guna Be On For a While Lol.
269	I have one less follower  That makes me sad and I feel like my life is dull and uninteresting.
270	@loveyoumoreMJ unfortunately I'm not drunk enough lol and have no money to get drunk  I have had alot though as u can imagine haha
271	@crunchmonkey78 well i just got home and its not on till tmw at 530p but with comcast its on right now  but i didnt miss it
272	@LaneySmiles you know you lvoe me!
273	@evatweets feel better soon! Your immune system must be away on holiday somewhere... probably with mine
274	Off to the bank
275	I hadn't realised how Long it had been since I was last 'tweeting'... Now I'm on here I don't know what to say  x
276	@emaxio still @ the courthouse!     Happy to have a job... sad its this one!
277	@neestaples Thx for FF  #followfriday
278	im so tired, we have a great time today together, thanks for all
279	@DJMagic aww i'm sorry!! I was rushing around on my lunch break so I didn't even think of it!!
280	@dean_b BF @ gig in Portland OR.  That's not driving distance to come save me from Burbank. I stuck ATM.  Working on plan B
281	Now standing because my tailbone is killing me
282	At Home Depot and no one will help me load my plywood into my van for some reason.
283	happy mothers day, too all mums out there  remember treat your mum well, she brought you into this life =]
284	I am new here
285	@Janit thankyou sugaaar  btw I'll leave this town on 7, really hope could see you next time ya ra. Skrg sempit bgt sih waktunya ya
286	@stephmccall ugh I'm more worried about history on wednesday  I'm freaking out about it so much!
287	I don't know what to do about tomorrow
288	studying for my exam tomorrow @ 2 &amp; packin up!
289	@ElvisHsiao  The website I'm developing - http://woo.sh lets you also share Videos, documents, maps and events - Later music too
290	@HlywdScrnwriter I've thought about it several times . got a few good friends there!
291	Everytime i have a bruise, @marcuselzey can't stop hitting it on accident.
292	@dagadong  probably why he's still married to Joan perhaps?
293	@Sobbee Naw.. it was pretty tame. Only 1 guy in costume.. a Voyager-style &quot;medical&quot; uni. Disappointed there weren't any more in costume.
294	cant wait for thursday!
295	@lowestformofwit
296	Gotta work.  Lonely weekend ahead.
297	Has finally learned how to think before he speaks. And it works wonders
298	In the middle of breakfast the school called.Yep...back to get Shey...AGAIN.3rd migraine this week or maybe one that never went away
299	@melissagreen http://twitpic.com/4wsk3 - too cute
300	Having a (Y) weekend with Karen. Off to Swansea today
301	I should probally bring a box of kleenex to schoool today, I'm going to cry so much
302	Watching 1st Potter film with kids and eating their sweets  Grotty bank hol weather in Hoylake. Typical !
303	@x_crazyangel Gah   But Gregg should have got the hot and talented vote, dammit!
304	@Kikirowr Aw not again!  Feel better soon bb!
305	Hank Thompson ï¿½ The Big One Got Away -- hmm... how old do you have to be to remember THIS?  ? http://blip.fm/~5jboh
306	@Bparker_Seattle I totally 4 got about Golden Girls that is a gr8 Show
307	@ocell great to hear you saw Slumdog Millionaire! And yes, that's a Bollywood thing at the end
308	Yes - before you say it - I know I split a train of thought over three tweets. I think the last time was summer '08. It happens sometimes
309	So Bored. Firday Evening And Nothing To Do
310	Sad I missed @tylerhwilliams going away party due to too much work, but I really am gonna miss that kid
311	Happy mothers day! Be good to your momma's!
312	Not looking forward to the upcoming week...My better half will be gone all that time! It's TRULY GONNA SUCK BIG TIME!
313	my guinea pig died today
314	Gonna go round up some DVDs to sell...  I will miss them, but I need money!
315	Morning everyone sorry for going early last night had bad news, felt totally crap   Today is a new day
316	niqhty niqht niqht .. all toqether, GREAT day  ;; @AyyoJayFresSh ily yall !!
317	omg  @nicolekennedy i found it  thnx
318	we'll be visiting my grandparents later. BTW i just heard katy perry's HOOK UP whew so cool i love it more than k.clarkson's version
319	Guys... a serious question. Which song do you like most of all your CDs? Be honest! I know you won't reply me  &lt;333 Maria
320	@awalliewall my *mom*(not aunt haha) and uncle were both adopted with very diff adoptive stories. if you want to chat sometime lmk
321	@LichfieldBlog @nickbrickett #lichfield #tweetup sounds like fun  Hope to see you and everyone else there!
322	@peterfacinelli You didn't answer my riddle  Party pooper lol. Jokes Joyce  it was a good one tho haha. Hav a gr8 weekend!
323	Poor Kella is on meds now for an ear infection; she lost her food all over @deannamichelle twice at the doc's
324	plus it hurts seeing sum1 you love falling for someone else!  not even kidding im wellllllllllllll gutted. xx xx
325	@iamlauren its never-ending
326	Good morning world!  haha had fun at the movies last night ;D and school now... Hmm new shoes make it better  http://tinyurl.com/dfggwj
327	@Joannevance Morning there.
328	No waterfront anymore   faccia luna and clarendon will have to do
329	quick catch up on missed Neighbours ... poor Libby
330	has stuff to do but refuses to do them.  :[
331	on my way home from ny...then sleeping
332	Someone left me an anonymous card. Thank you! It was incredible
333	my n95 hacked  no signing needed.. thx OPDA
334	@kerryetches Yep they are open, it's Sunday hours tho
335	Very tired! Dinner good, then churro's were good!
336	Webcams Hoepfner Burgfest in #Karlsruhe: Automatic reload #fail http://bit.ly/Vdtvf
337	@jenhp But that is such a bummer you couldn't get your book signed. Sigh ...
338	@Mogeezie u ever jus fell like damn, i jus want to cake it n lay next to ur baby...watch movies chill freak on all night...
339	hello thereeeeeee
340	Beers &amp; whiskey = awesomness, work in 8 hours = sourness
341	Still Wants To Dress Up
342	Part of my Neuroanatomy take-home test.  After this, Iï¿½m... http://tinyurl.com/de8y47
343	Rescued two adorable pit mix pups today.  LC and Brody.  Looking to adopt?  E-mail me for more info and pics!
344	going to have bfast now
345	@FoxyOxymoron I would have, but SuperTarget didn't have any.
346	@yogadarla @Gypsy_Yogini @Rock_My_Soles @Lotuspad i am sooo jealous  in a good way of course.  LC is awesome.
347	@VeeeLEE  SUMMER farn lai ba ahhhh
348	Good Morning Sunshines!
349	feels not good at all
350	@GGEastLDN im cool  cant wait to hear these stories xoxo
351	Here's a definition of network neutrality for those who may be interested  http://tinyurl.com/ls4qn
352	last night's paper writing session=still not done. I need to prioritize better.
353	@rdmagnum guess Ill drive it back nine hours
354	Waiting for Natie to come online I miss him.
355	@LILBOOTY24 If u do, please pray 4 me.  Lord knows I need it.
356	Killing people  no not realy O.o just bored although it does sound like fun
357	@MariusLT I'm sorry about your bad driving experiences.
358	I'm dying to see the reaction on their faces  .. its going to be FUN gedan begad
359	@rj hahha I don't do drugs though
360	why yes jeeves. bring me that noose there  TOO MANY ASSIGNMENTS!
361	Looking for accessories for my #livescribe smartpen.. not many sources here in germany for it.
362	@NeilMcDaid looks class the water splash looks so real  looking forward to my review copy ;)
363	@novemberlight I sometimes fail
364	@OFFICIALDJAOK @NatBoogi @tinocochino @JTONAIR  Soooooooo What Happened To Power ForReal?
365	@ddlovato check out my twitpic telling people to buy your album!  http://www.twitpic.com/4jhn7
366	Work is MAD blocking sites! No fun  but they aren't blocking facebook, twitter &amp; youtube
367	@decadentluxe That's love.
368	I miss matt today
369	Finally making some headway in the family room!  Home is finally begining to look like it!  btw dial up can go die!
370	Ha ha ha @yoko71 I know! Love it! Love him!
371	gotta get up in a few hours...booo  gooodnight!
372	@Nololos yeah  just told Stanley its the only time I want to slap girls icky bitches encoraging bad behavior
373	@CaityKaboom so sad i have to pay $60
374	up way too early for a sunday.. watching old episodes of grey's
375	Sold bikes faster than expected, and we are running out of sizes.    Luckily the single speeds are on the ocean now! ETA -  EO June.
376	Sitting in an empty yearbook room.  attempting to figure this asap out lol
377	@hojomo im having trouble finding really yummy egg free ice-cream   #favoriteicecream - got any recommendations anyone?
378	BYEEEEE!!!
379	At my rehearsal...gonna miss the game  please keep me updated! Go Nuggets!
380	has toothache
381	back garden times. my feet hurt
382	@kiyomisu ya and i would have gained a few kgs by then.  what are you working on today?
383	AHHHHHHHH omg Pridelines got talent is giving me a headache!! wtf omg osn !!! Make it stop mommy make it stop
384	Storm system that looked to bring us rain today is going to miss us
385	learning how to use twitter
386	@richardepryor you can use my alotment
387	@yiannopoulos  But I like it
388	@juneAmbrose Keeping Doing Your thing. Your inspiration for all black women!! Sending positive energy your way!
389	I have that 'Friday' feeling, though - I am working tomorrow
390	im so tired  &amp;i miss dionee already.
391	http://bit.ly/s7hQe   Translate XMind to your language.
392	Only four full days left in Aussie-land. I don't want to go home.
393	... looks like it's gonna rain
394	bathing with two little angels, Keyla and Janice.
395	is frustrated by twitter...my picture will not load.
396	@kegrocks I did one last night  it will be available in dvd, blue ray, and digital download via the iTunes store by the end of the week
397	Not feeling comfortable with myself today
398	Had a nice chat with an old frnd... its been a while since v talked  was fun...
399	@ErikVeland Dude... That sucks! Why would they tow it from your own space?
400	Whew. Finally done editing my Friendster account. Haha! Oh, geez. I'm hungry.
401	@danameller Aww, thanks!
402	yeh. merch shopping to look fab.
403	so so tired..
404	Happy Star Wars Day!!!
405	@MikeGrace Yeah we actually went in the room they were at. I just didn't look under the counter where they were
406	@babygirlparis where are you going paris?
407	HAPPY MOTHERS DAY TO ALL THE MOMMYS EXSPECIALLY MINE  LOVE YOU MOMMY
408	Practically my whole body burns... I can't bend over or make any sudden movements with my arms
409	Im mad cuz i cant get any picture to work.
410	AP: North Korea could opt for devastating land assault... http://tinyurl.com/nmg9ht (via @Drudge_Report) Scary talk to say the least.  mm
411	&quot;family bird is the word&quot; I &lt;3 FAMILY GUY
412	just noticed that two of the top ten topics on Twitter right now is &quot;Star Trek&quot; and &quot;Spock.&quot;   That is so cool!    I am in love with both!
413	@gimboland sorry change of plans for me   :'( revision for monday exam in a park with one of my friends
414	It went really well! But the vid didnt work.  im sad
415	With my baby drinking. God I love her
416	@robyn3890 it was way worse than that ...and where were you why didnt you say hello?
417	@CirqueLasVegas 2nd ticket has to be for the same show, though, right?  No good for a solo traveler to Vegas.
418	@leekingx3 It was on my CNN subscription on Google Reader. I couldn't help but repost it
419	feels ..my cousin is a monkey  http://plurk.com/p/x23pa
420	Note to self: don't wear steel toes to the court house, I'm just sayin
421	I get an instant sad face when I see a little kid lose their balloon
422	@grentone If you have specific questions, let me know. Always good to have them when writing stuff. Well, I am off  Have fun!
423	Is going to have one upset daughter  in a bit..mr. Rat took a sudden turn for the worse and didn't make it
424	seriously why did mum make me eat yeah i have a weird eating habit of not eating all day but really
425	@bloomsday16  I'm sorry to hear that. Here is my optimist: Things will get better. For all of us.
426	watching @jtimberlake on SNL
427	@dizzyupthegirl thankyooooou
428	instant-messaging with two of my favourite conversation guys
429	oh no my tweetdeck is malfunctioning :O il have web will its fixd
430	@creamspyder  thanks  you've been quiet lately!
431	im nervous :/ i want @mmilanezi to gimme a bear hug
432	@ACALLPRO -- yeahhh u wasnt thereeeeeeeeeee
433	Beautiful morning here in the mountains
434	work  @britad Yay!
435	off to work for the day
436	@heffabella i dont know u but heeeeeeey  my name is shannn *extends hand* put er there. where u from?
437	catching up on my reading... twitter n BF break
438	Thank you all for the huge response w/ blessings &amp; congratulations for us and Anna... We're indeed a family in church  love that so much
439	Welcome @pbcat #Follow #Freude
440	@mommymuse Thanks for the hint.  http://tinyurl.com/chtx7e.
441	heeey heeey!   about to go read...
442	well i guess it all depends,undergarments.
443	@EidolonNight That's kinda sad. And they're poking me while they're at it. Huh.
444	@SolarAvada - DAMN. LOL ON FRIDAY.? ITS NOW SATURDAY HERE LOL. IM IN AUSTRALIA
445	afternoon. have the first rehearsal with this (extremely talented) singer-songwriter today. wish me luck
446	@RhChestnut .. Guess ol' Tom has another mission impossible ... some of this is like trying to prove innocence .. I didn't get hugged
447	@mrkris really?  dang.. I missed it   *sigh*
448	just arrived at @eurodjangocon, on about 150 fellows i can't see a girl!
449	@charlieskies your vid wont play  x
450	@danachs I am lost. Please help me find a good home.
451	my 6th wedding anniversary today... so lucky to have such a gorgeous wife
452	3500 downloads for quickpwn 3.0b5 with cydia, Thanks for playing
453	@jonsedar I'm jealous. I have so let it slip what with the baby and all. Not sure I could even do a half right now
454	In walmart getting a mothers day card with every other procrastinating guy in chattanooga  slim pickings but got a good one.
455	That's it? It's done already? This is one proof that there's nothing fair in this world.   http://bit.ly/10UEMq
456	is in route 2 da' beach! No sun yet
457	&quot;Stop your twittering&quot; - Maryland cookies #bgt
458	Prism is the MY nEW wEBTOP.. mozilla labs rocks my world...
459	@steven89 I dont have one here - dunno if my mom ever had one or not -
460	Just got caught in the down pour
461	@harisn I love to Read  And i love Film making
462	I have to goto work now ahhh kill me  my life isn't going the way I want it too atm. Ta ta kids x
463	About to take meds I take that percentage back... feeling worse
464	@TRACTAHPULL   I love you
465	Friday Night Magic last night, I lost so bad  I suck at draft
466	but @pennyessex Humira isn't right for everyone. Some respond better to Enbrel. Ask your Rheumy. But not much long-term testing done
467	Mariachi'nin yeni kampanyasi ve beraber gelistirdigimiz Facebook Uygulamasi (Shut The House) Hurriyet'e haber olmus: http://tr.im/msthhh
468	@staceyclarkin More than welcome...would love to do more physically, but family life doesn't allow
469	@allysonrobinson ...as well as bell hooks Teaching to Transgress.  Sometimes I miss teaching &amp; messing with bad system.
470	Beach with ashley
471	why did Reel big fish cover Edna's goldfish
472	@OhSweetNibblets  16 too   crazy about miley and JB and in love with Nick Jonas haha
473	@ashgen sounds good!! Can't wait
474	@Captain_Phatass hopefully you're up before 8, as meeting is at 8
475	misses @laurencarll so much
476	Hahah. Love them!
477	Leaving for work.. 5:30 can't get here soon enough!  hope everyone has a great day!
478	@WorkInColour It was a pain worse then death!  The Dell is just a boat anchor with a power cord or a very ugly paperweight!
479	@Anna_Viola love it! By the way I didn't end up having time to go this week  I'm sooooo sorry! Next week for sure!
480	workin.. still lol i wanted to go to the spring game
481	@idreamofjeanny Chowder is the shit!!!!!!
482	Ouch, my back. Man I'm sick
483	just ran some ACCELA unit tests for the first time in about 2 years... and they failed
484	Strawberry margaritas + baked stuffed shrimp =
485	morrrning! the last day of a random but awesome weekend, gonna round it off in dbar style!  good timezzz.
486	@avinashkaushik how about a new article on finding your YouTube channel stats in your Google Analytics account? Can't find it
487	She got it , ohh baby she got it.SINGAPORE I'm going to rock your city
488	the sun is shinning! im off out!!
489	@BoltClock Hmm, I will hear more.
490	@jessejane looks to be a great morning already!
491	@Keiyaunna OH FACK U GAVE ME POLICE THATS SOME SERIOUSE SHIT
492	@donnyosmond Very excited as we have just booked tickets to Vegas (we live in the UK) can't believe the  price of the show tickets
493	Going to search out areas we would like for our dream home to also home my home based business one day soon.
494	@T_DAHSAR Thanxs hun, you too!
495	@AYEJILLA &amp; @andrewEMT suck at trying to scare people but are good at killing naps.   http://myloc.me/218m
496	@rachikus thankyou
497	Standin in a forest, just got the maddest photos taken
498	@opaque19 I can't do that.  I take it at 11, or I work through it.  Those are my options here.
499	wanted to go to the club...dancing;)..but now iï¿½m tired anyways i have to go to work tomorrow!
500	Vent:  No one cares
501	@lameBIRDIE aw its okay tht happened wid me too..am so glad thts OVER now!am not helpin here am i?!?lol thnx for postin WMIAD  loved it
502	met the shortest line ever at FCB Tunapuna... then the tellers disappeared
503	@MarkMayhew ha! lemme know what you find (tho I suspect it will be a lot of complaints). Have a peaceful night my friend
504	@CocktailChic oh f*ck! I completely forgot about Thirsty Thursday! oh. my. gaga. this sucks
505	@EileenRight What phone do you have -- an old rotary?
506	@maryvictoria did you get fired?  *hugs*
507	@Jinsing what Brody how dare u
508	ughhh. i think my plans are ruined. i was excited too.
509	made a little cover for my iphone.  the birds aren't upside down on the back  http://twitpic.com/67tp9 &amp; http://twitpic.com/67to5
510	Oh and Cali plans are a GO! I might get to see DA too and she's my hero and rocks my socks
511	Just talked to donald faison about next day air. He doesn't understand twitter. And he loves cacee cobb
512	Wishing I made enough money to do whatever I want! Sux... No money in education
513	@rayamartin http://twitpic.com/4wlpv - whooooooooooooa!!!!!!!!!!!! ang ganda ko dito ha!!!  thank you!
514	I loveeeeee to live a - F A S T - pace lifestyle!
515	I think i may have found my next apartment. Just one downfall.
516	@welsh_lottie Not one of my favourite pastimes  This weekend is a long weekend here so Monday I'm off to an Ice Show w/ the G/daughter ;)
517	loves GOSSIP GIRL Episode 23, The Wrath of Con
518	says just passed by to say hi  busy with movie task from school =. = http://plurk.com/p/rozcz
519	@daniellebabeyy babe  ive been aight, urselff?
520	@hanastephenson I sent u a direct message.. there's my mail
521	now i'm in hmv
522	good news: finally finished my #EASactive workout that has been paused for 6 hours. bad news: my resistance band is torn
523	just watched devil wears prada, and i want to live in new york city more than ever. why must i be so poor
524	@britneyxsucks I hope they come
525	what am i doing? what can i do?
526	WOOOOO!! Twitterberry is working again!! Good morning everyone
527	Thanks! carry on the craziness again!!!
528	@photojunkie #avatarcamp photos, perhaps?  lol (just itching to see them!)
529	@sweetpea2809 Nor here... Sad times
530	Drinking coffee....MMMMM.....coffee
531	@polyap POL! Is this song from a new album? I am really missing out on UdD!
532	bout to have dinner with the Homies. T.G.I Fridays takout, headed bak to the spot.
533	@AmbroseChick yeah they got qualifyin in.  This whole race is tape delayed
534	New issue of @olivemagazine in the office...desperately want to flick through but have so much to do. It'll have to wait
535	Good morning guys!  Dont forget: Today is mothers day! Mommy? I LOVE YOU ! Youï¿½re the best &lt;3
536	Such a headache  It's killen me!
537	@nikkidang Yeah I've been going there for the last month!!  SO amaaaazing, I'll bring some back for you
538	@THAREALYUKMOUTH I'd Love to work with you! http://myspace.com/inikco  Tell ur friends to follow me!
539	Is feeling really bad about goofin' on @NinaParkerTMZ not knowing she really wasn't at the meeting! Dang I'm sorry! Me &amp; my big 'ol mouth
540	wants cookie
541	@vickycornell HAPPY MOTHERS DAY VICKY!!!! AND TO ALL THE OTHER MOTHERS WHO READ THIS!!!
542	but I am one in a million
543	has some bad newss
544	@shananaomi yippee, darling girls. Love you sooooo much  and so thrilled you found each other!
545	Why did I agree to work on this gorgeous day?
546	Xfiles disc doesn't work.. Rippin
547	@jackgraycnn catching up on my tweets, I saw AC's promo of your new blog before yours, I knew immediately it would be yours by the title
548	says somebody n e body please!
549	@esoterismo My Dad told me music that has the power to heal the soul. Sure is true of yours
550	@wyclef that's a good sentence
551	Home from school. Out tonight? Probably not
552	spending the night with mom and Tommy.. just ordered Pizza Hut.. yum!
553	is tired but happy the orphanage was wow.. and babysitting was really fun
554	@IvanaF Oh, that would be riveting TV!   Trips to the break room, coffee, toothpicks in the eyes to keep them open.
555	@iancantdecide hey ian.. May 7 din ako..  maybe we'll see each other.. or not.. cuz diff. schools tayo.. hahaha la lang.. :p
556	@TomCopestake  I'm sorry. You'll get there don't worry, one day at a time.  We should 'hang' when you're done.
557	Ugh,what a boring day
558	@Mangowe You're welcome, I am off for some merry noddingtons myself soon. It's not even dark!
559	@TerreMum It's http://chelseavantol.etsy.com xo
560	wonders what some dancers have against glitter? Just don't wear it. Don't create a whiny group about it. Ok, I'm done.
561	@tommcfly Tom are the MITO tour dvd's still being made cos no where seem to be stealing them and i really want a copy
562	@wajeeha i hope you knew its due tuesday
563	@Intelligentle This was at Pitman's down South. It just looks like business is bad all over
564	@kerkat28 i posted it! let me know what you think? theres a really cute cut out in the back too.
565	@TheFeed Your STFU E3 list link is broke
566	Girsl night ! on my way to foam party  No sleep tonight !!
567	is excited about Taylor Swift on wednesday!!!
568	I hate Fallout 3 it keeps making me jump, I'm also low on health, money, ammo and food  don't worry I'll get through it.
569	@Applecored what I do now  anyhoo thanks for the *spank* :-O x
570	@meganwest no we had to go to malibu to find a beach!
571	@GirlUSoCrazy lol girl I cannot stop!!! I am a student, I can't afford $14 a pop eyeshadows. But I am so hooked
572	@KRushtC that's because you've been avoiding me.
573	@afrolicious Chile, I gotta study   But I do hope to catch an art show or sumshin...i need to get out.
574	@islamqa And you as well bro
575	@o0hemmy lol hi emmy, latin would help me study for the aptitude tests to get into grad school ;\ thats why i wanna take it
576	@AyeshaM13 bored in class. I wanna go home.
577	@Willie_Day26 awww man, its nott
578	Celebrated Mother's Day with the best lamb roast lunch followed by a box of Cadbury's shared around the table. It was a wonderful day
579	@FSBigBob He's gonna do it for mothers day  Ever notice Papa looks like Squiggy from Laverne snd Shirley. I love him.
580	Would really like to buy death note 1 &amp; 2 later this week  I loved those movies!
581	@vocabularies i know, don't tell anyone  i dont know if my dad told the famz yet. i think i'm taking it online.
582	@totalgunner Nurofen and marijuana, usually. But I'm lacking the latter currently.
583	Its so windy and raining harder then the day before today   bye bye if the power gos out
584	ugh! looks like it can rain any min now
585	I'm hungry. And single.  heading to the golfing range soon.
586	Hot ramen soup to end a longgg munching night
587	bummed about the softball loss 0-1   These girls are so good at only 12!
588	@lancearmstrong any chance of seeing you at a race in germany? unfortunately hardly any tv &amp; news coverage of cycling here anymore!
589	@ashleymshep yeah girl you betta be on twitter! i miss you. jealous of jen's limo ride
590	Tonight's SNL does not dissapoint. LOL
591	@PaulaAbdul  why canceled your performance on Letterman? i'm So sad because it is less an option for you.
592	@MovieTFan: Well that is just completely lame. I'm sorry dude.
593	@dcorsetto love love love pot psycology. My Friday night treat
594	@donna_grant  Hey Donna, lovely to see you on Twitter.
595	@tommcfly hope you have a nice relaxing day!!! hope your well  wishing you all the best
596	@AshyLBowz - OH FOA REAL.? I DIDNT REALLY KEEP UP WITH WHAT WAS GOING ON. TOO MANY DIFF STORYS N STUFF HEY.  WISH HE NEVA DID IT!
597	@yfeandipoo I'm sooooo excited to see you also love.....let the craziness begin  7 daysssssss YAHOOOO
598	Month end... still stuck in my office waiting for the stragglers to get there s#!t together.
599	Alix's graduation party!
600	@inyourvan Well I guess the McCafe=tastes like shit cured ur craving? You get the McSkillet? Me Wants
601	@hotdogwater dayum.  i dont even remember why i started twittering... oh yea, facebook integration.
602	Goood Dayy  Beeen shopping, didn't get what I wanted though  But my best friend has comeeee homeeee!! XD Ily Shannii x
603	I burnt my arm.  (just thought you should know)
604	Happy Mother's Day to all the moms out there.
605	@goodbyeblueskyy everything okay?
606	goin to bed
607	@davidalexanderm fantastic, love all things Krautrock
608	posted a few pics of my college on my myspace www.myspace.com/katieheidie
609	Bloody servers are down at work for at least 3 hours. Want to go home now!
610	@laydieluck777 damn  real sorry to hear that ma
611	not going out with them. there is another fatty i like and hopefully ill see him in when i'm in cali in 8 days. if hes not upset with me.
612	Saw Wolverine last night
613	@pilgrimfamilyuk oh no I hate that
614	happy birthday to me!!
615	@tommcfly My eyes are starting to hurt! It's getting super late. But I just gotta keep tweeting. Haha! Philippines tour, please, Tom?
616	@Running5k2day Oh no! Hope it's not as bad as it sounds!
617	might go to bed? No nightmares about bad grades tonight please!  Hmm!
618	@mileycyrus voting has closed
619	bad mood and i dont feel good. too bad no one cares
620	Just snuck out my window.. Now im laying on my roof looking at the stars. Its a nice night out tonight.
621	Just found out one of my ankles is swollen...eeks now it hurts
622	@Twiter_ME_This Morning @DonniezDetDiva new profile pic
623	Happy Star Wars Day. MAY THE 4TH BE WITH YOU
624	; Another friday night cancel.  probably movies with just Ashley.
625	im in stats and I'm bored and tireed
626	Tyring to pack for my Aruba trip (soul beach music fest)
627	@chully LOL too bad he's taken!!!!!!!
628	Dad asked me why I was sticking my tongue out while I was ironing, and I told him it was so I didn't burn my finger, as I burnt my finger
629	OMGoodness back to school soon FUN!
630	@nattskies heyy nat! twitter twitter twitter. you'll get used to it hahaha  love youuuuuuuuuuu
631	@prettyrach I am 100% jealous.  wish I had some
632	@glamorousamanda I wish i could have a pole, we got no space for it  maybe i should throw out some furniture and get a pole
633	@ZnaTrainer How are you today!?
634	@codepo8 I must admit when i first saw that name posted i thought it was an exploit attempt
635	working allllllllll weekend..how thrilling..and i have to say bye to goshy on sunday cause she is leaving for poland for 3 months
636	@lorilooker oii oiii  hope the run goes/went well (whenever you get this message!) love youuuuu ?
637	@jordanlyn  Can we turn back time, make it so you didn't hurt your knee so bad.. :'( and then you can come to mine and never be ignored??
638	Yay, I won at the @Jumeau Bags #Giveaway from @InstantShift. And those bags are so pretty!! Or maybe I'll have a belt? We'll see!
639	@keitaeden Sent u a few DM's..Hollaback
640	read twilight and new moon keen to read eclipse and breaking dawn hmm twilight was better then new moon but there still awesome
641	@IYL86 Well yeah, the hormone things basically a given  thought he had misbehaved specifically to upset your mom and you.
642	have to put my dog down tomorrow.
643	looking forward to Ben's baseball game tonight
644	@unknownnunes Goodmorning to you!Thank you so much for being so kind? The sun is out and I'm going to paint outside
645	@vardenrhode thanks.  thing is so much of it is more design-art, which I hardly ever get a go at, therefore never get much better..
646	@drnic and welcome to dk  #jaoo
647	Happy Star Wars Day
648	@charlimillions where r u i? Am wearing a black polkadot dress n green cardigan i cant find u
649	Guess I should have called  See ya.
650	Back from the pub, want more peroni
651	@furlongthedog Welcome to Twitter  I hoped it wouldn't be long before you saw the light and joined us!
652	@missbossy Yeah that's me  I used my initials for my Flickr account!
653	Santana - Maria Maria (The Wraith)  ? http://blip.fm/~7a10a
654	wearing spidey boxers
655	@ksidney wolverine was GREAT!!!  a must see
656	Staging consult ltr 2day in beautiful town of Dundas. X Files filmed episode there once. Think I'll run in2 David Duchovny? Probably not
657	The horror that is Maggie Gallagher is still with me. Such a big ball of ignorance. You can't reason with idiots like that, which sucks.
658	losing weight  check the pic
659	@GregDigneo: Your mail server just rejected a simple, plain reply to you as potential spam/virus threat. Not Good
660	Our neighbors cat died!  I really loved him =(
661	thank you for teaching me values and to be a better person each day  I LOVE SO MUCH, YOU'RE THE BEST MUM IN THE WORLD
662	Sore throat. This is not good. I have four performances this weekend.
663	HAPPY MOTHER'S DAY
664	@lwcavallucci No... we didn't *like* it, we LOVED it!  The tone, the story, the chemistry between the actors/characters, all was perfect.
665	stupid rain, now our picnic is cancelled till tomorrow
666	@paulineee: I know!! Im so excited. We cant go earlierrr than the afternoon?  I love you tooz &lt;3
667	@loic I need to check your TOS, Loic. Are you allowed to sleep? I don't remember any mention of sleep there...
668	I don't want her to leave..
669	had a nice time with juno  http://plurk.com/p/sv71z
670	@djdnice I know!
671	@Draconator its brokey
672	happy mother's day
673	disappointed the didnt win teh glasses.
674	its overcast today again  it looks like it wants to clear up but i doubt it :/
675	@miss_om &quot;If I should paint my fingernails green- oh and it just so happens I do paint them green...&quot;  Marvelous
676	@purplefrogcat wow.. purple leopard skin.  fieeerrceee..
677	Bit devastated that I lost my entire documents folder on my home computer.
678	i didn't wake up early enough to go roller blading  contrary to a tributary, i flow endlessly
679	@itstrizunigs actually, the web works fine. tweetdeck seems to be the culprit  sadness! it's done this at two diff. locations
680	LOL! Made a huge mess of my school shirt, was using charcoal sticks in 2D art
681	at homee..boring but its okiee gonna see the boyfriend and his momma tomorrow for momma dayy
682	@andy2dx Awww boo. Maybe i wont be sober during 3s team at evo. I need to snag someone to be my partner
683	@geehall1 LOL! I had a peek at http://geehall.blogspot.com it's coming along nicely  I totally understand about leaving the set quiet too.
684	Ahh im in love.  hes theeee best.
685	@calvinharris i wannabe in dubai
686	@honorsociety i like it and all butttt your not going to have it at the august 7th concert which hurts my feelers
687	@samsamsammm i miss you!!  stupid work!
688	YawNnnnn _slight headache n hangover grrr
689	At least they ( kids) havnt gotten to big to still say mommy ILOVE YOU. AWWW they are so sweet. I am so lucky to have my kids.
690	I can't help it if I'm a GRAMMAR NAZI!
691	@buglegirl Thanks! I'm not quite ready for a marathon yet -- if at all, not this year anyway.
692	Yaay congrats Shmolan on graduating  I'm proud of you!! Have fun! &lt;3
693	listening to Lily Allen's last album - it's quite good
694	haha i just watch a funny ass video on youtube  made my day
695	@Topify just for a little while.. to get an impression of how twitter-copy-topify
696	If Hamilton gets a hockey team, I really think the name Hamilton should be in the team name. If not, I'll be sad.
697	Finally, a beautiful, sunny day in Atlanta. Too bad I'm stuck inside working...
698	@ProudKiwi missed you by 10 min, haha. went to sleep at 15 past, but had a major anxiety attack around 630 again. ugh.  boo
699	just got home! not wanting to read the last chaper of breaking dawn cause i dont want it to beover
700	@meyen: You MUST watch Grey's. It was their 100th episode. Let me know once you do. I don't want to give out any more details
701	all my worms either escaped or died  bums!
702	@weddingsites Not a problem. I loved that idea, and of course the photos were just perfect!
703	wants to go home and see Erin
704	Looking for a vibrating phone is like trying to find &quot;a feeling.&quot;
705	I hate having to put my toddler in a disposable, but her rash needs ointment. I hate her having a rash even worse.
706	@kelleyviolet That sucks!    It's thundering here.  I'm getting ready to shut down.
707	@Blue_MandM Helaas.. En thanks!
708	Sadly, the time has come to put my mom in a home
709	gotta hit the hay y'all. big day with the kiddos 2maro. i love being a mommy  much love-- lil
710	@smithld I picked up some stuff I missed the 2nd time  And to think you missed all the in jokes too!
711	@XO_SUFI_XO yeah and when you are not working at paying jobs(volunteer/intern) the $ tends to disappear rather quickly...gotta slow down
712	@tifftiff88 what don't be sad?  Be glad. Your 21
713	at work booo....
714	@AngelaRyan jet blue is okay I guess. They cancel flights and don't have a lot of backup planes. And no first class
715	I wish I could get my nails done  stupid job
716	@AmongstStars awee!
717	Oh before I forgot, Happy Star Wars Day! May the Fourth be with you!
718	@JubileeHR When your wife's a teacher, you spend a lot of time indoors.  Trying to take some stress off the admin for May, writing often.
719	@SquishT77 So sorry to hear about your mum.
720	feelin a bit 'dangerous'. off to watch tha vids  http://bit.ly/9X0Us
721	I should be paying my bills and not playing on here.
722	@makikaysantos http://bit.ly/izhdy  here looove.
723	crash in Qmbol
724	@LindzluvsNKOTB I'm not going on the cruise. Wish I was, but I'm just going on vacation. Thanks though
725	time to get ready for work
726	Enjoy your hols  xxx
727	@lukeylukess u were awesome at the bull and bush the other day   cant wait to see u at the loft x
728	Work, work, work and why did I get so tired all of a sudden. @PaulAros , nicole told me you say 'Hi' aww she was so enthusiastic  hi paul
729	is starting her pre europe diet today  goodbye midnight snacks, goodbye iced tea, hello momol. HAHAHAHAHA! http://plurk.com/p/rplpr
730	would some one plese suggest me a great thriller movie
731	@jgooden When you put it that way... it doesn't make much sense, does it?    ROTFL!!
732	@DonGeronimo dear michael sorce, you crack me up! sincerely, me
733	I think my modem failed-having pc withdrawals..
734	not well
735	@ravegabe If you do, I'm sure you'll enjoy
736	Geeze- I'm just wondering what is wrong with some people. I either need to go for a run or go to sleep. Tomorrow should be a fun day.
737	http://twitpic.com/67l90 - @lunawoodcock girrrrrrrrlll i'm going to miss you so bad!!!!
738	@chromasia I saw your tweet minutes before going to lunch.  Decided to skip that today. Thanks for saving me the money  Speedy recovery!
739	@MrPhotographic Happy b-day! Just woke up on this side of Earth, so wishes are bit late
740	in communications class
741	yup, def swine flu. I think it was the sausage.
742	i'm so worn out, this week has sped by soo fast. gonna ask mum if we can go to the movies. i'm desperate
743	Officially Mother Day here HAPPY Mother Day to all the MOMS
744	put my dog to sleep  I love you abby RIP&lt;3
745	@QueenofKong No need 2 apologize mama i respect you for that
746	@JerryShaw lol get some then!!  n give me one too
747	@bestdaeever ooohhh imma need you to get on that asap love you
748	damnnn this day came to fast, but i cherished all the moment i had
749	@LGDADON it makes perfect sense. I guess i am very down to earth. Thanks for your reply
750	@JENakaGorgeousB happy mother's day to your mom
751	@donttrythis that is why I drive a (teeny tiny) honda civic  http://myloc.me/FRy
752	@ragazza_matta take my &quot;how well do you know me&quot; quiz!! i made one the other day... no one took it yet  i put pics from yday on fb xx
753	@gillianre  im not happy im emailin a complaint! haha il hav 2listen again on sunday
754	going to die from study overload this weekend. too much homework, with paying work to interrupt! i'm screwed
755	At work again, when the weather is beautifullll
756	Omg what is up with parents today !  I've been fighting with mine
757	Going to hibernate
758	Oh, ew. That's too bad - after not using this certain lip gloss for a long time I just tried to wear it - literally making my lips burn.
759	goodnight to all.
760	@DJLTHEMASTERKEY i guesss
761	@Tayluvsbroadway yeah  fail times. she was in an accident like a month ago, too, almost same thing. was on the bus on her motorscooter
762	Drivin home and listenin to 50! fucking lightweights! left me stag! bullshit!  love you though  especially you toesha  haha HA!
763	@SmellTheCheese I know, that is so sad.  I
764	@iJanette http://twitpic.com/4wl7x - Very pretty Janette  I have that exact same Hey Monday band!  And its on the same arm :O
765	@MyNC I was wondering....   Have a GREAT weekend!
766	@nicolerichie have you watched Persepolis? Broken English is also nice for sundays
767	@brookstuh am I not good enough
768	Mmmm Ham  Yummy! I have hat hair...Stupid Deli ._.
769	@Sweet_Charlotte We should! There will be another thrown I'm sure but this one will be with my American family
770	@andy_sims do you know of any inside scoop on a station that's anything what kwod was? there's nothing for us now
771	@Personal_Trainr Thanks for the link.  It made me smile
772	i'm gonna miss all the live Comet action tomorrow! i have to go take care of my cousins and they don't have access to the interwebz
773	mmm mmm mmm! tss tsss tss. LOL, having way too much fun being bored.  i miss him
774	I've been really tough, but it still sucks to live 5000 miles away from your family when you crave for Korean homemade meal.
775	Wow just realized haven't checked Twitter since 9am when I saw my to-do list. Good news- got lot done. Bad news-don't know where day went
776	@clairemaxwell i know that feeling way too well - have a nice walk
777	off to work now
778	needs a non-long distance boyfriend/girlfriend. Watching Sonny with A Chance
779	@dahntay OMG that dunk on Dampier was MASSIVE! Big ups!!! Love it...
780	just as i finish checking all my emails, i get 5 more. because like 5 more people are following me on twitter. hi people following me!
781	@rachky @taltalush Yes. I am secure in my masculinity.
782	listening to jubey snoring on the phone  hehe goodnight
783	show time baby! bye bye for now Tweeters
784	its really incredibly gross outside, so im hoping to get alot done int he house today!  including pics on the blog! morning friends!
785	@JustJayde  Make sure ur plantin next to the water in the soil
786	@MelodyLeaLamb Goooood Morning Melody! Wishing you a Wonderful Mother's Day with your family!
787	@kyza holy cute! Dexter has already lost his kitten face  gettin a chunky butt since we got back from qld too haha
788	just finished an exam, every1 else has finished cos I chose i different course to my friends I have one more exam on Thurs next week
789	@assos Eh, it's alright - nowhere near the same quality as a standard keyboard, but still useful!
790	Too much food at today's company gill out, want to go home and lay in the sun. Instead here until dark, probably
791	We actually have milestones due for 3 high profile projects in the next 2 weeks, &amp; they are all scheduled when I am on vacation -
792	@tldn thanks! we want to continue to improve our process for the benefit of customers - things like this just take time
793	Is sad when people's phones are dead
794	uploading some pictures
795	Going to @LittleSkillet for lunch today with @earth2andy. Who's in? I still need to hit the ATM.
796	ah seriously i dont even work with children some how i am still sick!  groundhog friday just got worse.
797	@NovaWildstar Erm yeah watch as it sways and collapses into the river below lol.  Next time you are here we shall have to drag you there
798	iPod touch = brick.
799	@mrpandora I got a headache because of all the hard work today, still not ready, with a #Heineken trying to finished up
800	@PicSeshu there u go
801	Alright gang. Gotta go park with family for an hour. Back then  Mwahs to yu if you head to bed before then
802	@kevincl Same here. But I am just going to browse SA until I get bored.
803	Off to the gym by myself!  no fun!
804	@tommcfly It's 12:30AM, @buonotomato stopped tweeting, my brain's not functioning. I wanna cry. Haha. Philippines tour, please?  Love ya!
805	i was an extra. got ready for work for nothing. studying all night
806	cook ; do you wanna measure my dick? its daddy-size.
807	@infobunny Ouch. Realising how sheltered my upbringing was.
808	3oh!3 on the radio  they were amazing yesterday.
809	Very bummed I can't go to the @shiftworkspace open house today.   DD and I woke up with a stomach bug.  Blech.  Y'all have fun!
810	@shablack I give it 2 snaps down  how's work going?
811	Thumbs up to Wolverine, Taco Bell Cheese Roll-ups, and mothers... you're all the best
812	the kids are going to see up without me.
813	whoa. that was some showering session
814	is watching movies
815	@Georgielockwood IM SORRRYY  i went to the cinema with my broth.. cause im cool.. and yeah im sorrrry  TOMORROW THO, ILL MAKE SURE OF IT
816	My comp is being slo w
817	its sprinkling outside  i hope it doesn't rain during our game ..
818	@arcadecore you wish
819	@murrion nope.. sliverlight is client a side tech
820	@tweetvisor what happened to my real-time feed? Now friend feed is just like the Twitter website
821	gonna have to eat something, I feel so horrid.  I need a hug!
822	@LLCOOLDAVE Trying to fix my background
823	My arms hurt
824	yay new computer to fiddle about with
825	Bears, beets, and... shit, never mind   How about SG1, take-out, and wasabi vodka with ginger ale and lime...
826	@Sammysamsam5 That movie made me cryHARDCORE!!!!!  I loved it...
827	@jocope well, I was under the impression most people have the urge to buy new sofas  To be fair, we're not tiling, we have a man for that
828	@spinallhead Bom dia, Uï¿½tisson!
829	yeah.... and im gonna take ur picture off my ipod baby..
830	I don't remember what i text to twitter to get a list of commands  halp
831	Be beautiful        http://www.theskinsociety.com
832	@RealHughJackman You were absolutely amazing in the Wolverine  you're sooo beautiful !! you're also such an amazing person, i look up to u
833	@JamaicaPanama I'm here if ur here for me!
834	Sorting out Twitter issues....very frustrated that you can't talk to someone and they respond slowly to issues - capacity the challenges
835	wow the last hour of twittering that I've been doing has yet to be sent over to twitter..  guys bare w me...
836	cant wait to get home. i hate my job
837	@bigcitysomeone  I wish I could go. See ya at Warped for sure tho!
838	@saranw Thank you! You should know that I am both happy and sad (all at the same time) to know that. You've got &quot;The Right Stuff&quot;
839	@MIssKatherine Omg granddads bday was epic lol. &amp; no i havent heard anything yet so i dont think
840	http://twitpic.com/4wah5 - haha that's right
841	@Drob114 thanks for rubbing it in, jerk  where are you guys going this weekend?
842	@perze my gut feel says its gonna be a boy ababa
843	its really hot out today  being hairy is gay
844	http://twitpic.com/66vld - i don't like this bangs! I want my hair back!
845	the week just wasnt the same without an adam lambert performance!!!
846	Just finished weeding the flower bed. Why is it the weeds grow so well but legitimate plants hate me?
847	@selenagomez Hey selena, i'm your brazilian fan, and i love you so much. you're my inspiration, please, reply me
848	@Pink congradts on ur show  Even tho i wasnt there lol
849	Dizzy  I wanna lie die, but those calories aren't gonna just balk because I ignore them.
850	It wasn't a good day ..
851	@CHRISDJMOYLES Sorry to spoil it but he didn't this time
852	Went to a party last night. Dindin and I showed up in matching outfits ) GREAT MINDS THINK ALIKE ) Anyway, happy birthday, ate lara
853	says np- Because of You -- Ne-Yo  (music) http://plurk.com/p/svm3r
854	Picture Day for 3 YO preschooler. Light blue striped utton down and kahkis.  Wonder what color they will be when I pick him up in 3 hours
855	@kiitzyy I think so hahah geez lady 3 hours ago?? Go to bed!! Lack of sleep is bad for your skin!
856	Kristen i miss you
857	@kevinriley Heh, thanks for that adorable plug  *cough* more info at: www.samstephens.com *cough* *cough*
858	@TDRFarmer Are you going to the game tonight? There is so much excitement today that I'm feeling left out. Have other plans
859	Livin on ur own iznt nice at all. I miss my mum
860	Reached Bangalore!! Now gotta hunt for rooms
861	Have lots 2do as usual! laundry, thanking God, cleaning house, praising God, cutting the hedge and thanking and praising God some more!
862	@atlteabagged ur not blind  i was just browsing &amp; saw ur tweet &amp; figured i could answer ur query plus i wanted to know too
863	@Mrsdaughtry Happy Mothers Day!
864	@souljaboytellem Good night
865	Yea baby!! Im gonna miss you so much
866	@_faeriequeen I just saw the Hamlet update too - excellent news... Never so good as live though
867	@Orcon DMed you.
868	The Paper Route album is &quot;Absence,&quot; not &quot;Absence While Working on Cabinets.&quot;
869	Just had mothers day lunch here  http://twitpic.com/4wfeo
870	@kkindlen and @MandaBown thanks  hoping its just allergies and not a nasty flu!
871	Happy Mother's Day to everyone's mothers, mothers-to-be, grandmothers, great grandmothers...All the WOMEN! I salute you all
872	half my class just called me retarded it hurt for real
873	unplugging for the rest of the day.  Have a good one everybody!!
874	@lmpotter You're very welcome
875	@stellarciarra wasnt it sad?  was the 3d good?
876	I'm a new french girl in Twitter! And I speak English very bad
877	@sera_bishop  sez need to get u to look at my flights again  will email ur work tonite
878	@angusmaclean yeah I've been there, my son is two so we go to only the kid friendly places now;) congrats on the baby!
879	Is getting more and more excited about thorpe park tomorrow
880	Ouvindo &quot;The Wonders - All my only dreams&quot;, a melhor banda do mundo que nunca existiu. Pra comeï¿½ar bem o dia.
881	home from school now. watching that '70 show
882	@rookiepaul that doesnt sound like a good situation
883	@HazelAngeli @V0TR0N  too bad Vo got me sick I think  &amp; I don't even have meds to feel like you.
884	@BarryManilow Not been on for a while eh Barry lol.Tweet deck is like prehistoric lol
885	@thesehazeleyz  if you need to talk or vent let me know
886	I just had a horrible dream.
887	@zwriter Your missing qualifying  I think David Reutimann is leading with a 22.96 ....
888	@PodRED road trip ftw  am playing with trains today so it's all good here
889	@maryjanewatson I'm trying my dang hardest to not watch the movie again until I finish the book, again.
890	working from home and ran out of coffee!
891	Found out that one great thing about living in Switzerland is the delicious bread - sometimes little things can make a difference
892	was gonna go to my brothers show but still feeling like poo :**(
893	@joshroyse Josh  Excuse me, but, at what time is it going to begin?
894	@SarahInMI sounds like a great way to to start mothers day! Enjoy your day
895	And why do they think &quot;how much they want it&quot; is a factor? I really want to be 19 and fit again, but that's just not going to happen
896	@jtimberlake Good luck whit the show tonite man, ill be watching
897	ajab chizi shode in blog-am :x che axayi ke migiram man
898	@butterflydi i'll be back on it later today, got plenty of gold, but willing to help you out, if you need anything at all
899	cramps r eew  shall hug a soft toy to my tummy n zzz the pain away
900	I'm siiiiiickkk  I dun feel good!!
901	@shantl Thank you!
902	@die_lavish i told diamond to follow you. and why u aitn share the starburst
903	@da_gurl_cece what up?
904	@destroytoday hahah I'll try
905	Happy Mother's day!  miss my mom so much... Always will be the best mom ever!
906	@JohnHLynn Now it let me upload a pic, but I don't have one of myself in the PC
907	@sweet19 awesome. lemme see when you're done.
908	mmm, just had the best delicious chocolate pancakes for tea break. oh thank God for HERHSEY'S Chocolate Syrup!
909	I'm seeing quite a few proto-furries here, now that I think of it.  #acen
910	@jasonrockz352 aw man im sorry! I have logical reasoning I promise! I had to study in order to tutor my new student! 4give me
911	grrrr youtube wont let me watch the @Jonasbrothers chat again
912	@mzunyque thanks. before the major chop.
913	just tried talking........voice died before end of sentence! Annpyimg thing id, i feel fine!! Another day of not playing the hits
914	Post-crash Spotlight is now spinning its wheels indexing my Time Machine backup drive. Naturally the drive is in the &quot;do not index&quot; list
915	Good morning! I'm just woke up it's Mother's Day
916	Blogging-- http://13tolife.us/ Mentioning links to contests where you might just win a free book or two!
917	@PoisonIvy69 Fine thanks, not long now till Christmas....I'm excited
918	@SassySpider follow me too
919	@Metal0520 I haven't talked to you since the last day of school!  that's no right.
920	I have test tomorrow but i dont study, then i go very bad
921	House hunting for next year= No FUN!
922	crashing from my WI high...missing mayfield
923	@judyrey Thank you, Judy! Same back at you!
924	took a math test today. The day before the test, the teacher says bring your calculator. Luke was confident. Teacher decided no calcs.
925	@Skiingfreak77 and by the way it's short stack, not sway sway  sway sway baby is a song of theirs
926	@RSC_Girl123 Tom Petty and the Heartbreakers have my eternal love. Benjamin.  ????????????????????????????????????????????????????????????
927	Choked on her retainers
928	i need to see @betsycon7...now! someone buy me a plane ticket, please?
929	@RobbieBarnes weaned myself off it
930	@dudboi Well there's nothing to do but to keep swimming. You'll get there eventually
931	@happylovesChuck I know. But the second problem being: he doesn't REALLY exist still applies. Shame
932	I wish i had a smartphone with an irc app. That'd be pretty cool.
933	@cwbtoad Thanks bro.
934	Just got home from school LOL 2 1/2 weeks left yay!!! Then off 2 summer school
935	@zhayrar Aw you are and you're welcome
936	My flip flop just broke...walking in downtown seattle
937	@zampeachie PANGE???!!!!! AHAHAHAHAHA. You two could meet up for drinks.
938	Not looking forward to this long trip in the morning. I'm sick
939	@miligosa how fun!! I like the beach, but I tend to get really dark fast.
940	must... stop... using... LOL, so much... crap I did it again
941	@drumzonly yay. das tut trotzdem weh.
942	I'm missing one of my diamond earrings. This makes me sad.
