Text,topics/keywords,review/opinion/feedback
"After checking the result of my xray, told me I'm ok (that the doctor won't prescribe me medicines because I won't need it, which his alright with me) then the doctor handed me my discharge papers but did not tell me what should I do. ",I,"[ok, medicines, papers, what]"
"After checking the result of my xray, told me I'm ok (that the doctor won't prescribe me medicines because I won't need it, which his alright with me) then the doctor handed me my discharge papers but did not tell me what should I do. ",doctor,"[ok, medicines, papers, what]"
"After checking the result of my xray, told me I'm ok (that the doctor won't prescribe me medicines because I won't need it, which his alright with me) then the doctor handed me my discharge papers but did not tell me what should I do. ",I,"[ok, medicines, papers, what]"
"After checking the result of my xray, told me I'm ok (that the doctor won't prescribe me medicines because I won't need it, which his alright with me) then the doctor handed me my discharge papers but did not tell me what should I do. ",doctor,"[ok, medicines, papers, what]"
"After checking the result of my xray, told me I'm ok (that the doctor won't prescribe me medicines because I won't need it, which his alright with me) then the doctor handed me my discharge papers but did not tell me what should I do. ",I,"[ok, medicines, papers, what]"
after confirming with the nurse what pharmacy to call my meds to the nurse still called the meds to the wrong pharmacy.,pharmacy,"[what, meds]"
"After discussing the issues with the nurse (male nurse), the nurse said the nurse would make his report and give to the doctor.",nurse,[report]
"After discussing the issues with the nurse (male nurse), the nurse said the nurse would make his report and give to the doctor.",nurse,[report]
"After follow up with primary pedi, primary pedi stated a blood test should have been done.",pedi,[]
"After getting all my information, the doctor was kind enough to ask if I would like something to drink.",doctor,[something]
"After getting all my information, the doctor was kind enough to ask if I would like something to drink.",I,[something]
"again, blonde nurse in pediatric er was fantastic the nurse thoroughly explained everything to us.",nurse,"[fantastic, everything]"
"again, blonde nurse in pediatric er was fantastic the nurse thoroughly explained everything to us.",nurse,"[fantastic, everything]"
again I can't say enough everyone was great my son had never had a IV and the staff were so gentle with him,I,"[enough, great, IV, gentle]"
again I can't say enough everyone was great my son had never had a IV and the staff were so gentle with him,everyone,"[enough, great, IV, gentle]"
again I can't say enough everyone was great my son had never had a IV and the staff were so gentle with him,son,"[enough, great, IV, gentle]"
again I can't say enough everyone was great my son had never had a IV and the staff were so gentle with him,staff,"[enough, great, IV, gentle]"
"Again Sagel Pekof or however you spell her name, she has a nose piercing, was quite rude and talked down to me as if a child, and tried to say if I kept up with a pain doctors medications Sagel Pekof would take away what I needed for anxiety, I do not need to be treated like a child and Sagel Pekof is the worst doctor I have seen at Allina. ",you,"[name, Pekof, nose, what]"
"Again Sagel Pekof or however you spell her name, she has a nose piercing, was quite rude and talked down to me as if a child, and tried to say if I kept up with a pain doctors medications Sagel Pekof would take away what I needed for anxiety, I do not need to be treated like a child and Sagel Pekof is the worst doctor I have seen at Allina. ",she,"[name, Pekof, nose, what]"
"Again Sagel Pekof or however you spell her name, she has a nose piercing, was quite rude and talked down to me as if a child, and tried to say if I kept up with a pain doctors medications Sagel Pekof would take away what I needed for anxiety, I do not need to be treated like a child and Sagel Pekof is the worst doctor I have seen at Allina. ",I,"[name, Pekof, nose, what]"
"Again Sagel Pekof or however you spell her name, she has a nose piercing, was quite rude and talked down to me as if a child, and tried to say if I kept up with a pain doctors medications Sagel Pekof would take away what I needed for anxiety, I do not need to be treated like a child and Sagel Pekof is the worst doctor I have seen at Allina. ",Pekof,"[name, Pekof, nose, what]"
"Again Sagel Pekof or however you spell her name, she has a nose piercing, was quite rude and talked down to me as if a child, and tried to say if I kept up with a pain doctors medications Sagel Pekof would take away what I needed for anxiety, I do not need to be treated like a child and Sagel Pekof is the worst doctor I have seen at Allina. ",I,"[name, Pekof, nose, what]"
"Again Sagel Pekof or however you spell her name, she has a nose piercing, was quite rude and talked down to me as if a child, and tried to say if I kept up with a pain doctors medications Sagel Pekof would take away what I needed for anxiety, I do not need to be treated like a child and Sagel Pekof is the worst doctor I have seen at Allina. ",I,"[name, Pekof, nose, what]"
"Again Sagel Pekof or however you spell her name, she has a nose piercing, was quite rude and talked down to me as if a child, and tried to say if I kept up with a pain doctors medications Sagel Pekof would take away what I needed for anxiety, I do not need to be treated like a child and Sagel Pekof is the worst doctor I have seen at Allina. ",I,"[name, Pekof, nose, what]"
Again the doctor was professional and courteous,doctor,[professional]
"again, the doctor was THE VERY BEST",doctor,"[BEST, BEST]"
"again, the doctor was THE VERY BEST",THE,"[BEST, BEST]"
again the doctor was very professional.,doctor,[professional]
again the doctor was very professional and courteous,doctor,[professional]
"Again the doctor was very,very Professional",doctor,[Professional]
"All bad, the doctor spoke down to me, offered me ultimatums when using certain medications, she was talking down to me like a child.",doctor,[bad]
"All bad, the doctor spoke down to me, offered me ultimatums when using certain medications, she was talking down to me like a child.",she,[bad]
Allie is very friendly and professional.,Allie,[friendly]
all staff showed concern for me as a person.,staff,[concern]
all staff were courteous,staff,[courteous]
All staff were courteous and efficient.,staff,[courteous]
"All through the time I was there APNP Kristina Krogstad kept that attitude and made me laugh, if she is this way with All her patients, especially children, then the rest of the staff should learn her way of treating patients",I,"[Krogstad, way, way]"
"All through the time I was there APNP Kristina Krogstad kept that attitude and made me laugh, if she is this way with All her patients, especially children, then the rest of the staff should learn her way of treating patients",me,"[Krogstad, way, way]"
"All through the time I was there APNP Kristina Krogstad kept that attitude and made me laugh, if she is this way with All her patients, especially children, then the rest of the staff should learn her way of treating patients",she,"[Krogstad, way, way]"
"All through the time I was there APNP Kristina Krogstad kept that attitude and made me laugh, if she is this way with All her patients, especially children, then the rest of the staff should learn her way of treating patients",rest,"[Krogstad, way, way]"
"Although the staff miss diagnosed her, everyone was nice.",staff,[nice]
"Although the staff miss diagnosed her, everyone was nice.",miss,[nice]
"Although the staff miss diagnosed her, everyone was nice.",everyone,[nice]
and the hygenist seems to have a case of the sniffles which turned me off),hygenist,[]
and the hygenist seems to have a case of the sniffles which turned me off),which,[]
Arlene also gives a great IM injection.,Arlene,[injection]
As a first time mother the doctor made me feel like I shouldn't bring my child back here .,doctor,"[mother, child]"
As a first time mother the doctor made me feel like I shouldn't bring my child back here .,me,"[mother, child]"
As a first time mother the doctor made me feel like I shouldn't bring my child back here .,I,"[mother, child]"
Ashley offered many helpful suggestions.,Ashley,[suggestions]
Ashley's the reason I continue with this office.,I,[]
Ashley was so very nice & provided me with proper information when checking in! ,Ashley,[nice]
As in we did not feel confident in the office's decision to not treat the issue.,we,[confident]
A=The doctor nearly always seem to be very knowlgeable in the medical specialty I've needed at that moment.,doctor,[]
A=The doctor nearly always seem to be very knowlgeable in the medical specialty I've needed at that moment.,I,[]
Attentive and good at what the staff do.,staff,[what]
Ava could not eat or drink due to her situation.  ,Ava,[]
"Barrett went above and beyond the call of duty, I forgot my paperwork in the lobby and he retrieved it for me.",Barrett,[paperwork]
"Barrett went above and beyond the call of duty, I forgot my paperwork in the lobby and he retrieved it for me.",I,[paperwork]
"Barrett went above and beyond the call of duty, I forgot my paperwork in the lobby and he retrieved it for me.",he,[paperwork]
best practice I have been to,I,[practice]
Charla had confidence in my abilities and was sure to praise all of my hard work especially when I made huge leaps and bounds in my progress,Charla,"[confidence, leaps]"
Charla had confidence in my abilities and was sure to praise all of my hard work especially when I made huge leaps and bounds in my progress,I,"[confidence, leaps]"
Christina took her time and was very pleasant,Christina,[time]
CitiMD is a pretty good alternative though.,CitiMD,[alternative]
CityMed is facility of choice.,CityMed,[facility]
Connie is i good listener and was intuitive with my needs.,Connie,"[listener, listener]"
Connie is i good listener and was intuitive with my needs.,i,"[listener, listener]"
Corbin was very friendly and eased my anxiety.,Corbin,[friendly]
Curtis explained everything in words we understand and he is very smart intelligent therapist,Curtis,"[everything, therapist]"
Curtis explained everything in words we understand and he is very smart intelligent therapist,we,"[everything, therapist]"
Curtis explained everything in words we understand and he is very smart intelligent therapist,he,"[everything, therapist]"
Dania Saleh also seemed to be very helpful to the Doctor during my exam; both were very calm and kept me well informed,Saleh,[calm]
Dania Saleh also seemed to be very helpful to the Doctor during my exam; both were very calm and kept me well informed,both,[calm]
"Dania Saleh is super helpful, very thorough and incredibly kind.",Saleh,[helpful]
"David Duchene was very friendly, courteous and very helpful.",Duchene,[friendly]
Dawna is very attentive and caring to my concerns.,Dawna,[attentive]
Dee Dee is pleasant and very down to earth.,Dee,[pleasant]
Dee Dee is professional.,Dee,[professional]
Doctor and the nurses all were wishing me well and to feel better.,Doctor,[]
doctor was very thorough and detailed. ,doctor,[thorough]
Dr. Amusa took her time and made sure that my daughter understood and that I was aware of what the treatment would be. ,Amusa,"[time, aware, what]"
Dr. Amusa took her time and made sure that my daughter understood and that I was aware of what the treatment would be. ,daughter,"[time, aware, what]"
Dr. Amusa took her time and made sure that my daughter understood and that I was aware of what the treatment would be. ,I,"[time, aware, what]"
Dr. Amusa took her time and made sure that my daughter understood and that I was aware of what the treatment would be. ,treatment,"[time, aware, what]"
"Dr. Carol Tong Ow diagnosed my problem, ordered relevant follow-up tests and an appropriate prescription, within a few days I was feeling much better.",Ow,"[problem, better]"
"Dr. Carol Tong Ow diagnosed my problem, ordered relevant follow-up tests and an appropriate prescription, within a few days I was feeling much better.",I,"[problem, better]"
Dr. Cheng was very caring and professional with high skills.,Cheng,[caring]
Dr. Colombo made me feel very comfortable and made me want to come back to see him again. ,Colombo,[comfortable]
Dr. Colombo made me feel very comfortable and made me want to come back to see him again. ,me,[comfortable]
Dr. Colombo made me feel very comfortable and made me want to come back to see him again. ,me,[comfortable]
Dr. Colombo showed his concerns not only with eye contact but with his words.,Colombo,[concerns]
Dr David G was great,G,[great]
Dr David G was kind and caring and very quick. ,G,[kind]
Dr. Eppes is upbeat and not dismissive.,Eppes,[upbeat]
Dr explained everything completely.,Dr,[everything]
Dr. Fanta showed concern and asked questions to help him understand my situation.,Fanta,"[concern, situation]"
Dr. Fanta showed concern and asked questions to help him understand my situation.,him,"[concern, situation]"
Dr. G changed a lot of my perception about coming to the walk-in clinic.,G,[lot]
"Dr. Gohrbani  always asks if I'm doing ok, or if I'm feeling any pain, etc.",Gohrbani,[pain]
"Dr. Gohrbani  always asks if I'm doing ok, or if I'm feeling any pain, etc.",I,[pain]
"Dr. Gohrbani  always asks if I'm doing ok, or if I'm feeling any pain, etc.",I,[pain]
"Dr. Gohrbani explains what's going to be done before beginning, and as she proceeds. ",Gohrbani,[]
"Dr. Gohrbani explains what's going to be done before beginning, and as she proceeds. ",what,[]
"Dr. Gohrbani explains what's going to be done before beginning, and as she proceeds. ",she,[]
"Dr. Gomez completely took care of the issue, was kind and patient.",Gomez,[care]
"Dr. G was easy to talk to, pragmatic, attentive as well as very caring.",G,[easy]
Dr Hartzell made things clear,Hartzell,[clear]
Dr. Joshi and Michelle helped ease my experience,Joshi,[]
Dr. Joshi thoroughly explained her examination and provided details of treatment and future prevention. ,Joshi,[examination]
Dr. Kennett was knowledgeable and I appreciated the time she took to understand my concerns and explain to me - step by step - what she was doing.,Kennett,"[knowledgeable, time, what]"
Dr. Kennett was knowledgeable and I appreciated the time she took to understand my concerns and explain to me - step by step - what she was doing.,I,"[knowledgeable, time, what]"
Dr. Kennett was knowledgeable and I appreciated the time she took to understand my concerns and explain to me - step by step - what she was doing.,she,"[knowledgeable, time, what]"
Dr. Kennett was knowledgeable and I appreciated the time she took to understand my concerns and explain to me - step by step - what she was doing.,she,"[knowledgeable, time, what]"
"Dr. Kennett wound up drawing my blood and was so gentle, I didn't even flinch and didn't have any mark from the needle; I am someone who usually bruises.  ",Kennett,[someone]
"Dr. Kennett wound up drawing my blood and was so gentle, I didn't even flinch and didn't have any mark from the needle; I am someone who usually bruises.  ",I,[someone]
"Dr. Kennett wound up drawing my blood and was so gentle, I didn't even flinch and didn't have any mark from the needle; I am someone who usually bruises.  ",I,[someone]
"Dr. Kennett wound up drawing my blood and was so gentle, I didn't even flinch and didn't have any mark from the needle; I am someone who usually bruises.  ",who,[someone]
Dr King listened to what I had to say.  ,King,[]
Dr King listened to what I had to say.  ,I,[]
Dr. Lawrence's demeanor made me think he was simply waiting for me to finish speaking.,demeanor,[]
Dr. Lawrence's demeanor made me think he was simply waiting for me to finish speaking.,me,[]
Dr. Lawrence's demeanor made me think he was simply waiting for me to finish speaking.,he,[]
Dr. Lawrence's demeanor made me think he was simply waiting for me to finish speaking.,me,[]
Dr. Lerman is definitely the shining star.,Lerman,[star]
Dr. Lyon made me feel I was important and he cared,Lyon,[important]
Dr. Lyon made me feel I was important and he cared,me,[important]
Dr. Lyon made me feel I was important and he cared,I,[important]
Dr. Lyon made me feel I was important and he cared,he,[important]
Dr. Meonch was really helpful and caring.,Meonch,[helpful]
Dr Moon did put in a temporary filling on a cap of the tooth that had a root canal but afterwards did not examine the rest of my teeth as is routinely done after a cleaning.,Moon,"[filling, canal]"
Dr Moon did put in a temporary filling on a cap of the tooth that had a root canal but afterwards did not examine the rest of my teeth as is routinely done after a cleaning.,that,"[filling, canal]"
Dr. Neil is knowledgeable and put our daughter at ease. ,Neil,[knowledgeable]
dr. Purvi didn't check child throughly instead concluded that it was ear infection before finishing the exam. ,Purvi,"[child, ear]"
dr. Purvi didn't check child throughly instead concluded that it was ear infection before finishing the exam. ,it,"[child, ear]"
Dr. Stephen isolated my condition.,Stephen,[condition]
"Dr. Sugar is knowledgeable, a wealth of information and plenty charismatic. ",Sugar,"[knowledgeable, wealth]"
Dr. Vazquez was very patient and took the time to explain how I should take the medicine and  how to care for my foot injury,Vazquez,"[patient, medicine]"
Dr. Vazquez was very patient and took the time to explain how I should take the medicine and  how to care for my foot injury,I,"[patient, medicine]"
"Dr. Vinny D'Amore was so kind and patient, it felt like a medical concierge service. ",D'Amore,[kind]
"Dr. Vinny D'Amore was so kind and patient, it felt like a medical concierge service. ",it,[kind]
Emily took the time to listen to all my questions.,Emily,[time]
Erin was super nice and took plenty of time with me,Erin,[nice]
"Excellent care, the doctor has great personality and explained treatment thoroughly.",doctor,"[care, personality]"
Explained everything the provider was to do and again as the provider did it. ,provider,[]
Explained everything the provider was to do and again as the provider did it. ,provider,[]
fair because did not tell me what the doctor thought the issue was,doctor,[what]
fair because did not tell me what the doctor thought the issue was,issue,[what]
had the NP cared enough to listen or come talk to me the NP could have come up with a better plan.,NP,[]
had the NP cared enough to listen or come talk to me the NP could have come up with a better plan.,NP,[]
Hope the Dr. is my Dr. if ever needed,Dr.,[Dr.]
I am very pleased and happy to have Dr Dougherty on the team!,I,[pleased]
I appreciate Candace Alexander and the service she provides.,I,[Alexander]
I appreciate Candace Alexander and the service she provides.,she,[Alexander]
I asked for a doctor's note for my boss and discharge staff gave me fast.  ,I,[]
I asked the nurse to wait a moment I had a question and the nurse sighed and slowly turned around and was very rude and put out.,I,"[nurse, question]"
I asked the nurse to wait a moment I had a question and the nurse sighed and slowly turned around and was very rude and put out.,I,"[nurse, question]"
I asked the nurse to wait a moment I had a question and the nurse sighed and slowly turned around and was very rude and put out.,nurse,"[nurse, question]"
"I believe once the hygienist told Dr Moon I was going to see the previous dentist, Dr Knight, at another facility Dr Moon was just done with me. ",I,[Moon]
"I believe once the hygienist told Dr Moon I was going to see the previous dentist, Dr Knight, at another facility Dr Moon was just done with me. ",hygienist,[Moon]
"I believe once the hygienist told Dr Moon I was going to see the previous dentist, Dr Knight, at another facility Dr Moon was just done with me. ",I,[Moon]
"I believe the diagnosis was, because there is a marked improvement and I have made an appointment to secure a private physician next week.",I,[appointment]
"I believe the diagnosis was, because there is a marked improvement and I have made an appointment to secure a private physician next week.",diagnosis,[appointment]
"I believe the diagnosis was, because there is a marked improvement and I have made an appointment to secure a private physician next week.",I,[appointment]
I cannot thank the nurses enough.,I,[nurses]
I do not like how Sagel Pekof treats me as a person and Sagel Pekof had no right to try and give me ultimatums.,I,[]
I do not like how Sagel Pekof treats me as a person and Sagel Pekof had no right to try and give me ultimatums.,Pekof,[]
"I do want to stress that Dr. Lawrence was very professional throughout our entire interaction, just distant and gave the appearance of being uninterested.",I,"[professional, distant]"
"I do want to stress that Dr. Lawrence was very professional throughout our entire interaction, just distant and gave the appearance of being uninterested.",Lawrence,"[professional, distant]"
"I especially appreciate Jase Abraham made me feel, and even told me, that he had all the time in the world for my questions, concerns, everything.",I,[time]
"I especially appreciate Jase Abraham made me feel, and even told me, that he had all the time in the world for my questions, concerns, everything.",Abraham,[time]
"I especially appreciate Jase Abraham made me feel, and even told me, that he had all the time in the world for my questions, concerns, everything.",me,[time]
"I especially appreciate Jase Abraham made me feel, and even told me, that he had all the time in the world for my questions, concerns, everything.",he,[time]
I have yet to evaluate the dentist.,I,[]
I liked Dr. Fanta very much and he was very compassionate and personable.,I,"[Fanta, compassionate]"
I liked Dr. Fanta very much and he was very compassionate and personable.,he,"[Fanta, compassionate]"
I looked at my daughter and told her i thought the nurse WAS the doctor. ,I,[doctor]
I looked at my daughter and told her i thought the nurse WAS the doctor. ,i,[doctor]
I looked at my daughter and told her i thought the nurse WAS the doctor. ,nurse,[doctor]
I love everything about City MD and I tell everyone!,I,"[everything, everyone]"
I love everything about City MD and I tell everyone!,I,"[everything, everyone]"
I'm guessing Dr. Lopez's a hit with the kids!,I,[hit]
I'm so glad we were able to sleep at our babies bedside while he was there and that we didn't have to leave him at night if we didn't want to. ,I,"[glad, able]"
I'm so glad we were able to sleep at our babies bedside while he was there and that we didn't have to leave him at night if we didn't want to. ,we,"[glad, able]"
I'm so glad we were able to sleep at our babies bedside while he was there and that we didn't have to leave him at night if we didn't want to. ,he,"[glad, able]"
I'm so glad we were able to sleep at our babies bedside while he was there and that we didn't have to leave him at night if we didn't want to. ,we,"[glad, able]"
I'm so glad we were able to sleep at our babies bedside while he was there and that we didn't have to leave him at night if we didn't want to. ,we,"[glad, able]"
I'm very disappointed in the way Laura acted.,I,[disappointed]
I'm very disappointed in the way Laura acted.,Laura,[disappointed]
 I should have taken the patient myself,I,[patient]
I told her that I was truly impressed of how Dr. Patel connected with her payient.,I,[impressed]
I told her that I was truly impressed of how Dr. Patel connected with her payient.,I,[impressed]
I told her that I was truly impressed of how Dr. Patel connected with her payient.,Patel,[impressed]
I tried having small talk with the doctor but he seemed very timid or shy not sure what was wrong with him.,I,"[timid, sure, wrong]"
I tried having small talk with the doctor but he seemed very timid or shy not sure what was wrong with him.,he,"[timid, sure, wrong]"
I tried having small talk with the doctor but he seemed very timid or shy not sure what was wrong with him.,what,"[timid, sure, wrong]"
it was obvious that the male nurse genuinely cared for the patients comfort.,it,[obvious]
it was obvious that the male nurse genuinely cared for the patients comfort.,nurse,[obvious]
 Ive had and seen many IVs removed but this was the most rough I've ever experienced as I watched the nurse pretty much tear the line out of Emilia's hand.,I,"[rough, tear]"
 Ive had and seen many IVs removed but this was the most rough I've ever experienced as I watched the nurse pretty much tear the line out of Emilia's hand.,this,"[rough, tear]"
 Ive had and seen many IVs removed but this was the most rough I've ever experienced as I watched the nurse pretty much tear the line out of Emilia's hand.,I,"[rough, tear]"
 Ive had and seen many IVs removed but this was the most rough I've ever experienced as I watched the nurse pretty much tear the line out of Emilia's hand.,I,"[rough, tear]"
I very much enjoyed having Danielle Villa treat me even though was unavoidably painful.,I,[]
I very much enjoyed having Danielle Villa treat me even though was unavoidably painful.,Villa,[]
I was delighted with Dr. Matthew and his care.,I,[delighted]
I was very impressed with the doctor.,I,[impressed]
I went back to work and told everyone to go the office when they are sick.,I,[sick]
I went back to work and told everyone to go the office when they are sick.,they,[sick]
I will be using the doctor in the future.,I,[doctor]
I will definitely be back because of her  Angela made me feel right at home.,I,[]
I will definitely be back because of her  Angela made me feel right at home.,me,[]
I will request the doctor for future visits.,I,[doctor]
I wish Dr. Lerman was my child's full time pediatrician. ,I,[pediatrician]
I wish Dr. Lerman was my child's full time pediatrician. ,Lerman,[pediatrician]
I wish my usual doctor's office had such a lovely scribe like Dania Saleh. ,I,[scribe]
I wish my usual doctor's office had such a lovely scribe like Dania Saleh. ,office,[scribe]
I would give Brenda very good rating on all.,I,"[Brenda, rating]"
I would have Dr. Aladili as my regular Dr. and that's saying a lot. ,I,"[Aladili, lot]"
I would have Dr. Aladili as my regular Dr. and that's saying a lot. ,that,"[Aladili, lot]"
I would love to see Ashley on a return visit.,I,[]
I would recommend Dr. Manhanzel to anyone,I,[Manhanzel]
Laura also set us to see someone else but we ended coming back to get checked in with her because it wasn't work related but she would have known if she would have listen to us. ,Laura,[work]
Laura also set us to see someone else but we ended coming back to get checked in with her because it wasn't work related but she would have known if she would have listen to us. ,we,[work]
Laura also set us to see someone else but we ended coming back to get checked in with her because it wasn't work related but she would have known if she would have listen to us. ,it,[work]
Laura also set us to see someone else but we ended coming back to get checked in with her because it wasn't work related but she would have known if she would have listen to us. ,she,[work]
Laura also set us to see someone else but we ended coming back to get checked in with her because it wasn't work related but she would have known if she would have listen to us. ,she,[work]
Laura is the first person a patient talks to she should be the nicest. ,Laura,"[person, nicest]"
Laura is the first person a patient talks to she should be the nicest. ,talks,"[person, nicest]"
"Laura was very rude, didn't want to even listen to what we were trying to explain. ",Laura,[rude]
"Laura was very rude, didn't want to even listen to what we were trying to explain. ",we,[rude]
Laura was very unprofessional. ,Laura,[unprofessional]
"like I said, I came in when the staff should be going home and treated me so nicely!!",I,[]
"like I said, I came in when the staff should be going home and treated me so nicely!!",I,[]
"like I said, I came in when the staff should be going home and treated me so nicely!!",staff,[]
Mallory belittled my opinions and made me feel extremely sad.,Mallory,"[opinions, sad]"
Mallory belittled my opinions and made me feel extremely sad.,me,"[opinions, sad]"
MD spoke directly to my child  and explained things to my child so my child could understand.,MD,[]
MD spoke directly to my child  and explained things to my child so my child could understand.,child,[]
nd then the patient too sits while the staff fiddle around before getting her to a hospital.,patient,[fiddle]
Next visit Brook always had an answer.,Brook,[answer]
"No matter what decision I made about who was going to fill that cap with a permanent filling, it did not relieve Dr Moon from the obligation of perfoming an exam on me. ",I,"[decision, Moon]"
"No matter what decision I made about who was going to fill that cap with a permanent filling, it did not relieve Dr Moon from the obligation of perfoming an exam on me. ",who,"[decision, Moon]"
"No matter what decision I made about who was going to fill that cap with a permanent filling, it did not relieve Dr Moon from the obligation of perfoming an exam on me. ",it,"[decision, Moon]"
"No, No  - the ""nurse"" said - the ambulance is just about to arrive. ",nurse,[]
"No, No  - the ""nurse"" said - the ambulance is just about to arrive. ",ambulance,[]
No radiology but I did have bloodwork and the doctor was very good,I,"[bloodwork, good]"
No radiology but I did have bloodwork and the doctor was very good,doctor,"[bloodwork, good]"
Not saying the other doctors I've seen in the past didn't but Dr. Colombo was different.,I,[different]
Not saying the other doctors I've seen in the past didn't but Dr. Colombo was different.,Colombo,[different]
NP did not give very good instruction to the MA regarding my course of action once home.,NP,[instruction]
N the staff help me with my illness without the wait in er.,staff,[]
Nurse was Very Good.,Nurse,[Good]
One day had a cancelled appointment so spent extra time with me In my field I work with many PT's and Ashley is exceptional.,day,[appointment]
One day had a cancelled appointment so spent extra time with me In my field I work with many PT's and Ashley is exceptional.,I,[appointment]
Our child's life was in Dr. Chiu's hands.,life,[]
Paula Thomas cared for my baby as well as myself.,Thomas,[]
"personally, I'd picked the glove up and used it.",I,[glove]
"Personel make sure I know I do it correctly,and what muscles they work on.",Personel,"[sure, muscles]"
"Personel make sure I know I do it correctly,and what muscles they work on.",I,"[sure, muscles]"
"Personel make sure I know I do it correctly,and what muscles they work on.",I,"[sure, muscles]"
"Personel make sure I know I do it correctly,and what muscles they work on.",they,"[sure, muscles]"
"Plus, Annamarie shows  the exercises and has me do them prior to leaving to ensure I am doing them correctly and completely understand.",Annamarie,[exercises]
"Plus, Annamarie shows  the exercises and has me do them prior to leaving to ensure I am doing them correctly and completely understand.",me,[exercises]
"Plus, Annamarie shows  the exercises and has me do them prior to leaving to ensure I am doing them correctly and completely understand.",I,[exercises]
Rekbecca Murray was excellent.,Murray,[excellent]
Sagel Pekof even left the room without regards to my question on nasal drip and the nurse had to run after Sagel Pekof and write what she said by hand on my end paperwork.,Pekof,"[room, drip, what]"
Sagel Pekof even left the room without regards to my question on nasal drip and the nurse had to run after Sagel Pekof and write what she said by hand on my end paperwork.,nurse,"[room, drip, what]"
Sagel Pekof even left the room without regards to my question on nasal drip and the nurse had to run after Sagel Pekof and write what she said by hand on my end paperwork.,she,"[room, drip, what]"
Seemed like the doctor just wanted to rush me out so the doctor could go home.,doctor,[]
short conversation and then never saw dr again.,conversation,[dr]
Staff were concerned were very courteous and professional.,Staff,[]
"system was really cool, but not necessary.",system,[cool]
The dentist was so pleasant,dentist,[pleasant]
The doctor actually showed me test results.,doctor,[results]
The doctor answered any questions and put me at ease. ,doctor,[questions]
The doctor answered questions fully and in a non-condescending manner,doctor,[questions]
The doctor apologized for the wait.,doctor,[]
The doctor basically sent us home with the worry that my child may have another seizure.,doctor,[seizure]
The doctor basically sent us home with the worry that my child may have another seizure.,child,[seizure]
The doctor clearly knew what she was doing and was courteous,doctor,[what]
The doctor clearly knew what she was doing and was courteous,she,[what]
The doctor communicated what was needed on a regular basis and made sure my questions were addressed.,doctor,[]
The doctor could have had a dialog as to the diagnosis and more explanation on prescriprd medication,doctor,[dialog]
The doctor couldn't help my particular problem but did call ahead to the Er about my immediate visit to that facility.,doctor,[problem]
The doctor could see when Alexis was upset and nervous and worked to make her relax.,doctor,[upset]
The doctor could see when Alexis was upset and nervous and worked to make her relax.,Alexis,[upset]
The doctor could see when Alexis was upset and nervous and worked to make her relax.,her,[upset]
The doctor did an amazing job!,doctor,[job]
The doctor did a very good job,doctor,[job]
The doctor did not like that. ,doctor,[]
The doctor did not make me feel at ease with the concerns with my daughter. ,doctor,[]
The doctor did not make me feel at ease with the concerns with my daughter. ,me,[]
The doctor didn't even notice tonsil stone in her throat.,doctor,[stone]
The doctor efficiently dressed my wounds.,doctor,[wounds]
The doctor explained beforehand what he wanted me to do,doctor,[what]
The doctor explained beforehand what he wanted me to do,he,[what]
The doctor explained beforehand what he wanted me to do,me,[what]
The doctor explained everything and gave me options.,doctor,[everything]
The doctor explained everything thoroughly so it was easy to understand and care when sending home,doctor,"[everything, easy]"
The doctor explained everything thoroughly so it was easy to understand and care when sending home,it,"[everything, easy]"
The Doctor explained the situation in a manner that was very comforting.,Doctor,"[situation, comforting]"
The Doctor explained the situation in a manner that was very comforting.,that,"[situation, comforting]"
The doctor exuded confidence and made me feel comfortable. ,doctor,"[confidence, comfortable]"
The doctor exuded confidence and made me feel comfortable. ,me,"[confidence, comfortable]"
"The doctor finished physical exam, left the room and never offered any information of any kind.  ",doctor,[exam]
The doctor gave options for treatment !,doctor,[options]
The doctor has such wonderful kindness,doctor,[kindness]
The doctor has very good kind patience. ,doctor,[patience]
The doctor is a credit to the profession.,doctor,[credit]
"The doctor is careful, honest and seemed knowledgeable",doctor,[careful]
The doctor is caring professional.,doctor,[professional]
The doctor is compassionate courteous.,doctor,[compassionate]
The doctor is concerned and very knowledgeable.,doctor,[]
The doctor is considerate of me.,doctor,[considerate]
The doctor is courteous,doctor,[courteous]
The doctor is courteous and kind,doctor,[courteous]
The doctor is courteous and polite,doctor,[courteous]
The doctor is courteous and professional,doctor,[courteous]
The doctor is courteous and professional.,doctor,[courteous]
"The doctor is courteous, prodessional, good communication",doctor,"[courteous, communication]"
"The doctor is courteous, professional, good listener",doctor,[listener]
The doctor is courtesious,doctor,[courtesious]
The doctor is courtesious and quick,doctor,[courtesious]
The doctor is down to earth and fun.,doctor,[]
The doctor is excellent and attentive,doctor,[excellent]
The doctor is excellent and caring,doctor,[excellent]
"The doctor is excellent, compassionate & knowledgeable.",doctor,[excellent]
"The doctor is excellent, kind, professional",doctor,"[excellent, professional]"
The doctor is friendly and warm.,doctor,[friendly]
The doctor is kind and patient,doctor,[kind]
"The doctor is kind, informative, and easy to talk to.",doctor,[kind]
"The doctor left the room without resolving my nose issue I had asked about so the nurse had to go ""catch her"" and write what I had asked her on my paperwork.",doctor,"[room, what]"
"The doctor left the room without resolving my nose issue I had asked about so the nurse had to go ""catch her"" and write what I had asked her on my paperwork.",I,"[room, what]"
"The doctor left the room without resolving my nose issue I had asked about so the nurse had to go ""catch her"" and write what I had asked her on my paperwork.",nurse,"[room, what]"
"The doctor left the room without resolving my nose issue I had asked about so the nurse had to go ""catch her"" and write what I had asked her on my paperwork.",I,"[room, what]"
The doctor listened and cared for me very well.,doctor,[]
The Doctor listened and that helped to ease our fears.,Doctor,[]
The Doctor listened and that helped to ease our fears.,that,[]
The doctor listened to everything I had to say and explained things thoroughly and asked if I had any questions.,doctor,[questions]
The doctor listened to everything I had to say and explained things thoroughly and asked if I had any questions.,I,[questions]
The doctor listened to everything I had to say and explained things thoroughly and asked if I had any questions.,I,[questions]
The doctor listened to everything I had to say and was not impatient at all.,doctor,[]
The doctor listened to everything I had to say and was not impatient at all.,I,[]
The doctor listened to me! ,doctor,[]
The doctor listened to my list of symptoms and explained her diagnosis and treatment plan.,doctor,[]
The doctor needs to work on bedside manners!,doctor,[]
The doctor put us at ease immediately  with her calm demeanor.,doctor,[]
The doctor rolled her eye and sighed when I asked questions she would not  listen to me or my concerns. ,doctor,"[eye, questions]"
The doctor rolled her eye and sighed when I asked questions she would not  listen to me or my concerns. ,I,"[eye, questions]"
The doctor rolled her eye and sighed when I asked questions she would not  listen to me or my concerns. ,she,"[eye, questions]"
 The doctor said the transfer was a normal procedure when someone has an active nosebleed.,doctor,"[procedure, nosebleed]"
 The doctor said the transfer was a normal procedure when someone has an active nosebleed.,transfer,"[procedure, nosebleed]"
 The doctor said the transfer was a normal procedure when someone has an active nosebleed.,someone,"[procedure, nosebleed]"
The doctor seemed a little frazzled when she came in to see me. ,doctor,[frazzled]
The doctor seemed a little frazzled when she came in to see me. ,she,[frazzled]
The doctor seemed to be short /rushed not very attentive or informative at all. ,doctor,[]
The doctor shared her insight and knowledge willingly,doctor,[insight]
The doctor showed great empathy me.,doctor,[]
The doctors were always available. ,doctors,[available]
"The doctor took the time to get acquanted with my daughter, playful, respectful, very patient",doctor,"[time, patient]"
The doctor took time with me and fully explained everything.,doctor,[time]
The doctor was amazing.,doctor,[amazing]
The doctor was angry with me that the equipment broke when it was brand new and I refused it.,doctor,"[angry, new]"
The doctor was angry with me that the equipment broke when it was brand new and I refused it.,equipment,"[angry, new]"
The doctor was angry with me that the equipment broke when it was brand new and I refused it.,it,"[angry, new]"
The doctor was angry with me that the equipment broke when it was brand new and I refused it.,I,"[angry, new]"
The doctor was awesome!,doctor,[awesome]
The doctor was awesome.,doctor,[awesome]
The doctor was both caring and professional.,doctor,[caring]
The doctor was caring and said i would be helped as soon as possible.,doctor,[]
The doctor was concerned about my problem. ,doctor,[concerned]
The doctor was condescending as a doctor and I never want to have her as a doctor at Allina again.,doctor,[]
The doctor was condescending as a doctor and I never want to have her as a doctor at Allina again.,I,[]
"The doctor was direct, well-informed and courteous bedside manner.",doctor,[manner]
The doctor was efficient.,doctor,[efficient]
The doctor was efficient and helpful.,doctor,[efficient]
The doctor was efficient and kind,doctor,[efficient]
"The doctor was efficient, professional, warm",doctor,[efficient]
The doctor was excellent!,doctor,[excellent]
The doctor was excellent and listening,doctor,[excellent]
The doctor was excellent and very concerned about me,doctor,[excellent]
The doctor was exceptionally diligent,doctor,[diligent]
The doctor was expeditious and friendly.,doctor,[expeditious]
The doctor was extremely friendly,doctor,[friendly]
"The doctor was extremely friendly, down to earth.",doctor,[friendly]
"The doctor was extremely  professional, very calm.....which calmed me.",doctor,[calm]
"The doctor was extremely  professional, very calm.....which calmed me.",which,[calm]
The doctor was extremely thorough,doctor,[thorough]
The doctor was friendly.,doctor,[friendly]
The doctor was friendly and fast,doctor,[friendly]
The doctor was friendly and helpful,doctor,[friendly]
The doctor was gentle and listened to me,doctor,[gentle]
The doctor was genuine and quick!,doctor,[genuine]
The doctor was good too.,doctor,[good]
The doctor was great,doctor,[great]
The doctor was great!,doctor,[great]
The doctor was great!!,doctor,[great]
The doctor was great.,doctor,[great]
The doctor was informative and very kind and willing to listen.,doctor,[informative]
The doctor was in the room for less than one minute (both times).,doctor,[]
"The doctor was kind, empathetic, and gave me the information of what was being done in a clear warm way.",doctor,[empathetic]
The doctor  was knowledge  a;bd efficiebt,doctor,"[knowledge, efficiebt]"
"The doctor was not friendly, seemed not interested, no information",doctor,[friendly]
The doctor wasn't a pleasant person.,doctor,[person]
The doctor was polite and made me feel relaxed.,doctor,"[polite, relaxed]"
The doctor was polite and made me feel relaxed.,me,"[polite, relaxed]"
The doctor was professional and courteous,doctor,[professional]
The doctor was professional and courteous.,doctor,[professional]
The doctor was professional and precise and caring,doctor,[professional]
"The doctor was professional, courteous, and friendly",doctor,[professional]
"The doctor was professional, efficient, personable",doctor,[professional]
"The doctor was professional, kind, friendly, courteous",doctor,[professional]
"The doctor was professional, personable, sincere. ",doctor,[sincere]
The doctor was prompt and courteous,doctor,[prompt]
The doctor was prompt friendly,doctor,"[prompt, friendly]"
The doctor was quick and answered all question,doctor,[quick]
The doctor was quick and done courteously.,doctor,[quick]
The doctor was quick and made me very comfortable!!,doctor,[quick]
The doctor was so  considerate  to my  unique situation that she allowed me to sit and brought the paperwork to me,doctor,[considerate]
The doctor was so  considerate  to my  unique situation that she allowed me to sit and brought the paperwork to me,she,[considerate]
The doctor was so  considerate  to my  unique situation that she allowed me to sit and brought the paperwork to me,me,[considerate]
The doctor was so friendly! ,doctor,[friendly]
The doctor was so great and couldn't ofasked for someone better,doctor,[great]
The doctor was so nice and patient.,doctor,[nice]
The doctor was so nice took time to listen and didn't make me feel rushed or unimportant.,doctor,[nice]
The doctor was so nice took time to listen and didn't make me feel rushed or unimportant.,me,[nice]
The doctor was so very nice and personable. ,doctor,[nice]
"The doctor was straightforward, logical explanation and recommendation.",doctor,[explanation]
The doctor was such an incredible person,doctor,[person]
The doctor was super friendly!!,doctor,[friendly]
The doctor was terrific!,doctor,[terrific]
The doctor was the best!!!!,doctor,[best]
The doctor was the nicest and friendliest person the only one we encountered the entire visit,doctor,"[person, one, visit]"
The doctor was the nicest and friendliest person the only one we encountered the entire visit,we,"[person, one, visit]"
The doctor was told no testing can be done because it was after hours.,it,[]
The doctor was uninterested and made no secret of the fact.,doctor,[uninterested]
The doctor was ver considerate and informative.,doctor,[considerate]
The doctor was very accomodating,doctor,[accomodating]
"The doctor was very attentive ,did the test and got results and I was on my way.",doctor,[attentive]
"The doctor was very attentive ,did the test and got results and I was on my way.",I,[attentive]
"The doctor was very calm, kind and informative",doctor,[calm]
The doctor was very caring,doctor,[caring]
The doctor was very caring and professional.,doctor,[caring]
"The doctor was very caring, bandaged my arm very gently",doctor,[caring]
"The doctor was very caring, very concerned and personable.",doctor,[caring]
The doctor was very casual,doctor,[casual]
"The doctor was very clear and helpful, explained everything clearly",doctor,[clear]
The doctor was very clear in instructions,doctor,[clear]
The doctor was very comforting and knowledgeable,doctor,[comforting]
The doctor was very congenial.,doctor,[congenial]
The doctor was very considerate and compassionate.,doctor,[considerate]
"The doctor was very convenient, fast, and courteous",doctor,[convenient]
The doctor was very cordial and welcoming,doctor,[cordial]
The doctor was very courteous,doctor,[courteous]
The doctor was very courteous and made sure that we had the discharge planning information.,doctor,"[courteous, information]"
The doctor was very courteous and made sure that we had the discharge planning information.,we,"[courteous, information]"
The doctor was very courteous and quick to discharge.,doctor,[courteous]
The doctor was very curtious and respectful,doctor,[curtious]
The doctor was very dedicated and explained medication he was prescribing.,doctor,[dedicated]
The doctor was very dedicated and explained medication he was prescribing.,he,[dedicated]
The doctor was very detailed,doctor,[detailed]
The doctor was very disrespectful.,doctor,[disrespectful]
The doctor was very efficient.,doctor,[efficient]
The doctor was very fast and efficient.,doctor,[fast]
The doctor was very fast and get straight to the point,doctor,[fast]
The doctor was very friendly,doctor,[friendly]
The doctor was very friendly!!,doctor,[friendly]
The doctor was very friendly.,doctor,[friendly]
The doctor was very friendly and caring treatment.,doctor,[treatment]
The doctor was very friendly and considerate,doctor,[friendly]
The doctor was very friendly and easy process,doctor,[process]
The doctor was very friendly and fast,doctor,[friendly]
The doctor was very friendly and helpfull,doctor,[friendly]
The doctor was very friendly and kind.,doctor,[friendly]
The doctor was very friendly and made me feel very comfortable,doctor,"[friendly, comfortable]"
The doctor was very friendly and made me feel very comfortable,me,"[friendly, comfortable]"
The doctor was very friendly and organized,doctor,[friendly]
The doctor was very friendly and professional,doctor,[friendly]
The doctor was very friendly and she took the time to explain everything that was being done.,doctor,"[friendly, time]"
The doctor was very friendly and she took the time to explain everything that was being done.,she,"[friendly, time]"
The doctor was very friendly and sympathetic,doctor,[friendly]
The doctor was very friendly and understanding and fast!,doctor,[friendly]
The doctor was very friendly and welcoming,doctor,[friendly]
"The doctor was very friendly, fast and everyone was very caring",doctor,"[friendly, caring]"
"The doctor was very friendly, fast and everyone was very caring",everyone,"[friendly, caring]"
"The doctor was very friendly, knowledgeable and fast",doctor,[friendly]
The doctor was very good with my child,doctor,[good]
The doctor was very helpful,doctor,[helpful]
The doctor was very helpful.,doctor,[helpful]
The doctor was very helpful. ,doctor,[helpful]
The doctor was very helpful and made it an easy process overall,doctor,[helpful]
The doctor was very helpful and nice.,doctor,[helpful]
The doctor was very helpful and personable.,doctor,[helpful]
The doctor was very helpful and thorough!!,doctor,[helpful]
The doctor was very helpful and thorough in her explanation of what I needed to have done.,doctor,[helpful]
The doctor was very helpful and thorough in her explanation of what I needed to have done.,I,[helpful]
The doctor was very helpful in explaining the process. ,doctor,[helpful]
The doctor was very helpfull,doctor,[helpfull]
The doctor was very informative!,doctor,[informative]
The doctor was very informative in a timely fashion.,doctor,[informative]
The doctor was very kind and attentive.,doctor,[kind]
The doctor was very kind and caring.,doctor,[kind]
The doctor was very kind and explained what she was doing and why I needed an x-ray. ,doctor,"[kind, what, ray]"
The doctor was very kind and explained what she was doing and why I needed an x-ray. ,she,"[kind, what, ray]"
The doctor was very kind and explained what she was doing and why I needed an x-ray. ,I,"[kind, what, ray]"
The doctor was very kind and friendly.,doctor,[kind]
The doctor was very kind and informative,doctor,[kind]
The doctor was very kind and nice.,doctor,[kind]
The doctor was very kind and quick,doctor,[kind]
The doctor was very kind and responsive to needs.,doctor,"[kind, needs]"
The doctor was very kind and understanding of my needs and concerns,doctor,[kind]
The doctor was very kind and upbeat.,doctor,[kind]
"The doctor was very kind, calm and direct helped reduce anxiety. ",doctor,[kind]
"The doctor was very kind, opened my water for me and was so nice. ",doctor,[kind]
The doctor was very knowledgeable,doctor,[knowledgeable]
The doctor was very knowledgeable about my situation. ,doctor,[knowledgeable]
The doctor was very knowledgeable and nice.,doctor,[knowledgeable]
The doctor was very knowledgeable and painless,doctor,[knowledgeable]
The doctor was very knowledgeable and reassuring.,doctor,[knowledgeable]
The doctor was very nice and cared about my injury.,doctor,[nice]
The doctor was very nice and caring,doctor,[nice]
The doctor was very nice and helpful,doctor,[nice]
The doctor was very nice and helpful!,doctor,[nice]
The doctor was very nice and professional,doctor,[nice]
"The doctor was very nice and showed every concern for my comfort, including getting a pillow for my neck.",doctor,[nice]
"The doctor was very nice, knowledgeable, considerate. ",doctor,[considerate]
"The doctor was very nice, patient with my questions and very helpful!",doctor,[patient]
The doctor was very quick and efficient.,doctor,[quick]
The doctor was very thorough and clear explanation of my issue.  ,doctor,[explanation]
The doctor was very welcoming and kind.,doctor,[welcoming]
The doctor was with the patient before me for a long time. ,doctor,[]
The doctor was wonderful too!,doctor,[wonderful]
"The Dr. listened to her, was very patient and affirming.  ",Dr.,[]
The experience was quick painless no wait in and out time.,experience,"[painless, wait]"
The experience was swift but so concise.,experience,[swift]
The hospital was a little too warm,hospital,"[little, warm]"
The MA didn't make eye contact and didn't seem compassionate,MA,[contact]
The male nurse was very companionate and helpful.,nurse,[companionate]
The MA was short.,MA,[short]
"The nurse acknowledged that she was upset, but said and did absolutely nothing at all to comfort her. ",nurse,[upset]
"The nurse acknowledged that she was upset, but said and did absolutely nothing at all to comfort her. ",she,[upset]
The nurse and nurse practitioner explained everything to me and took precautions to make sure I was comfortable and my wound was taken care if properly.,practitioner,"[everything, comfortable]"
The nurse and nurse practitioner explained everything to me and took precautions to make sure I was comfortable and my wound was taken care if properly.,I,"[everything, comfortable]"
The nurse and provider didn't seem to care that I spent almost an hour sitting around an waiting on them.,nurse,[hour]
The nurse and provider didn't seem to care that I spent almost an hour sitting around an waiting on them.,I,[hour]
"the nurse and the physicians assistant did not have anyone before me, nor was there anyone there when I left. ",nurse,[anyone]
"the nurse and the physicians assistant did not have anyone before me, nor was there anyone there when I left. ",I,[anyone]
The nurse continued to speak to me rudely as if the emergencies meant we had to sit trapped in a room for hours.,nurse,[]
The nurse continued to speak to me rudely as if the emergencies meant we had to sit trapped in a room for hours.,emergencies,[]
The nurse continued to speak to me rudely as if the emergencies meant we had to sit trapped in a room for hours.,we,[]
The nurse entered with our discharge paperwork and removed Emilia's IV roughly.,nurse,[]
The nurse never did.,nurse,[]
the nurse was very rude about there being emergencies. ,nurse,[rude]
The odor was noxious.,odor,[noxious]
The office is very clean,office,[clean]
The office is very clean and customer service was great and speedy,office,"[clean, great]"
The office is very clean and customer service was great and speedy,service,"[clean, great]"
The office is very clean and helpful,office,[clean]
The rad tech was nice but put the wrong medications in my record.,tech,[nice]
Therapists took the time to make our son's treatment simulate his sports activities as closely as possible.,Therapists,"[time, activities]"
Therapists took the time to make our son's treatment simulate his sports activities as closely as possible.,treatment,"[time, activities]"
"The RN stopped, got with the frint desk, but continued then on paper until the revords were straightened out.",RN,[]
The staff are attentive and nice,staff,[attentive]
The staff are caring & professional,staff,[professional]
"The staff informed me how long the expected wait was, they gave me an icepack and they told me when the nurse and doctor would be in. ",staff,[icepack]
"The staff informed me how long the expected wait was, they gave me an icepack and they told me when the nurse and doctor would be in. ",wait,[icepack]
"The staff informed me how long the expected wait was, they gave me an icepack and they told me when the nurse and doctor would be in. ",they,[icepack]
"The staff informed me how long the expected wait was, they gave me an icepack and they told me when the nurse and doctor would be in. ",they,[icepack]
"The staff informed me how long the expected wait was, they gave me an icepack and they told me when the nurse and doctor would be in. ",nurse,[icepack]
The staff is courteous and thorough.,staff,[courteous]
The staff take their time to make sure you are getting the full benefits of therapy and time to explain everything. ,staff,"[time, benefits]"
The staff take their time to make sure you are getting the full benefits of therapy and time to explain everything. ,you,"[time, benefits]"
The staff truly care about your health needs.,staff,[]
"The staff was courteous, friendly very professional.",staff,[professional]
The staff were nice and courteous even with as busy as they were.,staff,[nice]
The staff were nice and courteous even with as busy as they were.,they,[nice]
The staff were very thorough with their examination of her which put her father and I at ease. ,staff,"[thorough, father]"
The staff were very thorough with their examination of her which put her father and I at ease. ,which,"[thorough, father]"
"the treating physician seemed comfortable in his own skin, knowledgeable and nice.",physician,"[comfortable, knowledgeable]"
They are great. ,They,[great]
This is the second time that I've had to use Resurgeons rehabilitation center and this is the second time I have had Beth and she's been very professional and very good at her job both times.,This,"[time, time, Beth]"
This is the second time that I've had to use Resurgeons rehabilitation center and this is the second time I have had Beth and she's been very professional and very good at her job both times.,I,"[time, time, Beth]"
This is the second time that I've had to use Resurgeons rehabilitation center and this is the second time I have had Beth and she's been very professional and very good at her job both times.,this,"[time, time, Beth]"
This is the second time that I've had to use Resurgeons rehabilitation center and this is the second time I have had Beth and she's been very professional and very good at her job both times.,I,"[time, time, Beth]"
"Very attentive to my mom's toilet needs and also spent other time with my mom to distract and calm her, which was much appreciated.",mom,[]
VERY GOOD ....THE DOCTOR MADE ME FEEL LIKE I WAS IN GOOD HANDS....,DOCTOR,[]
VERY GOOD ....THE DOCTOR MADE ME FEEL LIKE I WAS IN GOOD HANDS....,ME,[]
VERY GOOD ....THE DOCTOR MADE ME FEEL LIKE I WAS IN GOOD HANDS....,I,[]
Very much appreciated the time the doctor took to understand my issue and offer counsel.,doctor,[]
vThe doctor was very kind!!!,doctor,[kind]
we are very fortunate that Dr. Neil was able to take care of our daughter.,we,"[fortunate, able]"
we are very fortunate that Dr. Neil was able to take care of our daughter.,Neil,"[fortunate, able]"
We felt like a burden to Mary Beth,We,[]
We felt that the doctors were especially cautious and thorough which made us confident that we are getting the best care.,We,"[cautious, confident, care]"
We felt that the doctors were especially cautious and thorough which made us confident that we are getting the best care.,doctors,"[cautious, confident, care]"
We felt that the doctors were especially cautious and thorough which made us confident that we are getting the best care.,which,"[cautious, confident, care]"
We felt that the doctors were especially cautious and thorough which made us confident that we are getting the best care.,we,"[cautious, confident, care]"
"When I asked her why, and if the EKG had shown any particular problem, again - abruptly almost - the ""nurse"" said ....""there is nothing we can do here: you have to go to the hospital"".",I,[problem]
"When I asked her why, and if the EKG had shown any particular problem, again - abruptly almost - the ""nurse"" said ....""there is nothing we can do here: you have to go to the hospital"".",EKG,[problem]
"When I asked her why, and if the EKG had shown any particular problem, again - abruptly almost - the ""nurse"" said ....""there is nothing we can do here: you have to go to the hospital"".",nurse,[problem]
"When I asked her why, and if the EKG had shown any particular problem, again - abruptly almost - the ""nurse"" said ....""there is nothing we can do here: you have to go to the hospital"".",we,[problem]
"When I asked her why, and if the EKG had shown any particular problem, again - abruptly almost - the ""nurse"" said ....""there is nothing we can do here: you have to go to the hospital"".",you,[problem]
when I called and asked for this to be corrected I was told the nurse was too busy and I could just pick it up where they called it.,I,[busy]
when I called and asked for this to be corrected I was told the nurse was too busy and I could just pick it up where they called it.,nurse,[busy]
when I called and asked for this to be corrected I was told the nurse was too busy and I could just pick it up where they called it.,I,[busy]
when I called and asked for this to be corrected I was told the nurse was too busy and I could just pick it up where they called it.,they,[busy]
which was shocking since the person took a copy of my id AND insurance information.,which,"[shocking, copy]"
which was shocking since the person took a copy of my id AND insurance information.,person,"[shocking, copy]"
While Brad was fast and efficient he didn't seemed rushed.,Brad,"[fast, efficient]"
While Brad was fast and efficient he didn't seemed rushed.,he,"[fast, efficient]"
Why didn't the transfer happen sooner? ,transfer,[]
You can tell that Braun truly cares about his patients.,You,[]
You can tell that Braun truly cares about his patients.,Braun,[]
