review,emotion
@gfalcone601 that little girl on BGT! how sad! i cried  lol xxxxxxxxxxxxxxxxxxx,sadness
Today I wrote two songs (one for temple which I will probably never perform ever) and one for mothers day. Happy vesak everyone  rena xoxo,worry
Have 3 of the 5 grandbabies again today. 19 month old twins and a 3 1/2 month infant. I love every minute of it too.,love
on my way to driver's training,neutral
"@rmolden Yes, maybe, but for today, I write",neutral
"@funhiguy Hi man, yeah I so wanna go, but I'm on Maui  #liloven",worry
@domsmitherz what was said?,worry
Bah! Still at work. Lol my feet hurt and my nose won't stop running!,worry
"i thought ur account @DavidArchie was fake. but, it's true, sorry david!",sadness
2pm today is Quiz Time at the Goat! Game shows to play and prizes to be won! Plus 'Toss Off Tommy' for free drinks! Today from 2! x,neutral
wants to buy really red* lipstick. But I won't wear it that often,worry
@BamaBlockhead No.. $16 is a good price considering WHO you are going to see!    Right?,neutral
@JanisJ1212 haven't laughed that much in awhile,worry
@RobCairns My pleasure.  Hear Kelli has new project!   #followfriday,neutral
@MrsWilliams @Timperator fï¿½hlt sich ganz so an #montezuma #iphone,neutral
@MSMyPhone I need a code,neutral
wants TFA back.  http://plurk.com/p/x2rgl,neutral
@Fresh_and_Easy when will these stores in Sacramento open? Been waiting and nothing,worry
So now we'll pay more in sales tax...great.  Even worse Mom and Pop businesses have to double what they pay in business licenses.,worry
Coco still out,neutral
WOW i just drank a drink of water - 12 ice cubes that took ages to melt. i now have brian freeze,happiness
"Woop, have just bought the Elliot Minor album on itunes. Its finally working for me!!",neutral
loves it when mom and dad come to visit! nothin better,love
hmm icecream for breakfast  #springtime,neutral
@NMaize Lucky Rob... always gettin' the T8's from Emalon,neutral
@serenajwilliams Hi Serena just want to say good luck in Madrid and Paris this month,sadness
@stormyamorette just one of those days where loneliness creeps up on you slaps you in the face.,neutral
A little 3 mile run done!  22.5 minutes...  I'm exhausted!  Not impressed with the HRM...,sadness
finally leaving this place! woohoo! school time!,worry
lol if i only can sTay up a few more hours.. i keep missing Tila's lasT posTs ..,worry
I Love the lady from the Progressive commercials she's so funny,love
"ooh@LuLu_Bell whatchu goin as? Monsterpalooza's this weekend for us.  on the no Ink, i won't be a stressed contestant this year! Miss U X0",worry
With my jordie for a little bit,sadness
yay mothers day  i love mi madre,love
"Lookin for work via online, watchin ShayCarl's latest vlog entry on youtube and textin a lady friend.  My beds calling my name though..",happiness
@Marcyluvstravel omg! I dont blame you! hope you didnt hurt him too bad,worry
Wish someone would by my 90mm Mamiya MF lens. Needs the money,neutral
I miss my daily quotes! Why don't i get them anymore? @sschabowski am I kicked from your mailinglist?,worry
"@cocoacast I need to move to NY, SanFran, or Seattle to get worth-a-crap internet speeds",sadness
Father is staying home and conference calling. Sorry @Sparklegirl21,worry
"As old as the answer to the ultimate question of life, the universe &amp; everything. That's 42, for all the non-Hitchikers Guide fans",worry
"@ RyanSeacrest : hi there might be a problem as it says no stream online, wat's not right?",sadness
"@mileycyrus I'd love to, but i'm all the way in India.",sadness
@ Kosme -&gt; careful or you're going to be like me; updating websites and such on a Friday night,neutral
paathra ....khandvi....kamanee    ...watte sunday mrng,neutral
Nic has no idea what he's going to do!  money is all gone!,neutral
@Crossbow1 YOU'RE TELLING ME.,neutral
i hate having the same hair for too long. i think i want super looong hair now,worry
X-Men:Wolverine was hot! I say go watch it,neutral
Just had a lovely walk with my dog ( all on my own! )...In the dark  But it was a nice walk though HEHE x.,love
"@justjen97 BTW, do not plan anything for next Sunday. But do find out times they're showing Wolverine. I will take us to the movies!",worry
per @ttorrent dew claw = thumb nub,neutral
"@Princess_DJ Xmas a week early? Hehe, at least you didn't have to do any last min shopping",worry
"Don't know what to do right now...pretty bored, but I refuse to study. Any suggestions?",worry
I just want to watch my Naruto Shippuuden missed episodes.,neutral
Barnsley To Keep Davey   And Sign A New Experienced Striker.,neutral
Has been a long day - Matinee and evening show. Will be sad tomorrow: last ever Welsh College show,worry
"@Lozingsleep Damn, that charming skater look is kind of....HOT! A hot mess  Catherine pls don't hate me for hitting on your friends. tnx",worry
"I have lived through our band's first performance, and it was pretty damn fun.",happiness
@RetroBakery I would have to agree on the Bacon Cupcake... Would rather drive 2 the shop instead of 2 the office,worry
"@suddentwilight Yep, that's me all right - I don't mean the monk is Me - that's my (as in a photo taken by me) in Better Photography",worry
Why can't I make a phone call! I hate this anxiety crap. Someone cure me,sadness
I knew I should've worn the SARS mask on the plane from SoCal.. feeling the beginnings of a sore throat,worry
@kristanmarie at least you dont have quad parking haha two cars drove by real fast and spashed mud all over me,neutral
OMG sore shoulder,neutral
fucking hates goodbyes,neutral
"ohhhh, how sad...I didnï¿½t get it!",neutral
waiting for the last video to be rendered. while watching episode 11,neutral
May the 4th be with you. Happy Star Wars Day!  http://ow.ly/52Aw,happiness
"wanted greg pritchard to go through     what a silly, sobby and hopelessly dull little girl hollie steel is?",neutral
@TwitMUGSHOT I'm like so upset with you.. haha.. you never told me the 411..,worry
gawd the rain is too strong,neutral
@TaylaMcCloud yeah i did haha 3rd episode is up as well,neutral
Is listening to P!nk tunage and trying to teach my cat to dance to it... I think she's getting it we can be backing dancers by next tour,neutral
Finally going home! Its been a long night.. Ready to crash and have awesome dreams,happiness
Tracy and Berwick breaks my achy breaky heart  They split ways in the hallways.,worry
"@MissXu Nope  Not that I have to worry about the possibility. I'm more worried about GOOG's design than her personal taste, actually.",worry
I'm totally going to bed right now.,worry
@jkreeftmeijer you can turn the bird sounds off if you like in twitterena - check out settings from your home page,worry
@chang_ROR Hey dude welcome to twitter  its seexyyyyy,neutral
I'm doing an advert 4 the Make-A-Wish foundation &amp; I can't find photos of kids looking close to death... that's a good thing for the kids,worry
Two week extension on contract ... I'm ready for it to be done,neutral
What am I doing atm? http://twitpic.com/4jmeh Oh yeah. Apple Juice  I'm such a rebel!,worry
"@tommcfly &quot;We never want to lose the fans that got us here!&quot; Thank you for saying that  Wish you and the others a nice day, greets",worry
Wtf why am i JUST getting up now? HM:TM today  but before that... revision revision revision :/,neutral
Home empty handed.  No comics found today.  I shall now indulge in my cupcakes from Magnolia Bakery.,worry
Summer Glau to appear in Dollhouse next year http://tinyurl.com/mnrezc ... I still can't believe they won't renew TSCC,neutral
90210 9pm  I laaaaaaaaave it.,neutral
Why does my boss have to come in today.....,neutral
My phone is dying ....,worry
talking to dii and missing her terribly...,sadness
(@zachflauaus) Note to self: never ever leave the MacBook Pro on the stupid iCurve. It fell off.,worry
Happy Mothers Day. Havent got mom a present yet? Print off an Amazon Gift Card for her!  http://snipurl.com/hq0n1,love
good news: my flat is great at regulating temps. in the heat. bad news: its sodding lovely outside and i'm working!,sadness
@tonyrobbins &quot;paradise is where I am.&quot; he also said,neutral
looks like another sober weekend ahead...,neutral
Sgt. Hughes has bacteria meningitis  so i disinfected our female latrine and im writing an essay on meningitis for Sgt. Ski....,sadness
Just got home from work.. My feet are killing me,neutral
I SO should've gone right now!!! *wish I could alter time!!  *,worry
...No more adventure time,neutral
"Hah! I saw the Wolverine last night!!! Now I can die happy, well not yet though, got a few things to get done first, but was my MoY",neutral
"@HairBoutique Thanks, btw which men's hairstyles are in right now? I'm growing my hair long  anyway hope you are having a good weekend!",worry
What's with the gloomy weather? The sun must be too tired to come out and play  heading to victoria gardens for some impulse buys haha,worry
made my pin hole camera todaaaaay. need to get some film now!  http://tinyurl.com/cw8wp2,neutral
@richardepryor You missed me!  lol,sadness
"FUCK FUCK FUCK FUCK, @bradiewebbstack please comment me back  ILY",worry
Running errands with my little man. Maybe he won't act like a 3 year old today.,neutral
"ahahah with sandy, bekz, erin and derrian",worry
"really need to study, many books many updates  :~",worry
"@zaneology Correction: &quot;facetious&quot; not &quot;sarcastic.&quot; Apologies.  Oh, and happy Mother's Day!",happiness
@jbrigante haha. I'm on drink #2. Cheat day for me,worry
heading to Xtra-vision to get part 2 of Season 3 - CSI Miami baby!!!,neutral
good morning tweets,happiness
&quot;Ooh-ooh... it's SHINY&quot;. An dmore awe-tastic quotes from THE BEST ANIMATED MOVIE EVER coming up,love
"I say &quot;oh man..&quot; jovani asks, &quot;did you just call me an old man?&quot; haha",neutral
"@midnatsol hello hun, how's things going? Tell me all",neutral
@rachyzilla still haven't been to the infamous liverpool store  my manager helped set it up said it's awesome (y),neutral
6th street was amazing this weekend!!! The wedding was fantastic.. but im really really tired at work from the long eventful weekend,neutral
Excited bout going out 2nite but bummed cuz im da designated driver. So no drinking for Angie!,worry
my phone is broken    &amp; im too lazy to go to the verizon store to get a new one.. oh well i guess no phone for awhile.. aha,neutral
"@man_wi_no_name nope!  the printer in the library didn't work, ill have to pass it in monday",neutral
didnt say goodnight to you,neutral
@cookiemonster82 ohhh yea it is from the same film  and this one had been a fave for a longgggg time... any1 for humma humma?,neutral
is loving life in sydney,love
"has applied for OSAP yet again- God, I'm gonna owe major $$$ by the end of my academic career, this just ain't right!!",worry
I've got great expectations of tomorrow  It's gonna be awesome!! ? http://blip.fm/~5jf53,neutral
@AnneTwan May the fourth be with you,neutral
"@antwanduncan ew, tongue kiss",neutral
@bradfordshimp The least I can do for you is re-tweet it when it's ready. So @ me  Mine is http://bit.ly/xPvT7 - I talk about viral tweets,worry
@atlanta_arcelay http://twitpic.com/4xvw2 - I got chased by a male chihuahua that looked like he was pregnant today  He was black and  ...,worry
@ragavin  is there anything Brian or I can do?,worry
@CostaVidaFred awwwwww sorry we're going to miss you!,sadness
"Just put all the original art for my comics into an album.  Its really nice, except it shows how much I liked to cut corners to finish.",worry
"Going to bed. Today was another good, if uneventful day.",happiness
have a splitting headache!,neutral
@crazytwism http://twitpic.com/416b7 - hey! nice pic,neutral
@aidadoll LMAAAOOOOO that is horrible. Poor thing,neutral
Because you're everything to me DEMI LOVATO,neutral
"Ohhh me, i am rather bored. How can a friday night be soo boring!",worry
"My tooth is bloody killing, not sure I can wait until next week to get it fixed",neutral
@thedailysurvey Why do we love those that we cannot have?,love
Friday is the new Thursday,neutral
Yeahh cenare lo mismo qe Rosher! ok ok Roger  wiii,neutral
http://twitpic.com/4wgp2 - Bambi will eat you,neutral
Happy Mothers Day to all the mums in my life and those that are not,love
@JayresC: n u can't change your profile backgroud neither,neutral
"So much for just an oil change... Do not pass Go, do not collect $200, lose $160",worry
"@erinmmoore if we actually watch it, yes we can admit it... our popular culture doesn't define our Christianity!",neutral
"can't sleep without my routine &quot;before-bed snack&quot;, but  to find that it comes along with a fatfat tummy.",neutral
ipod died today,neutral
is spending her Saturday morning taking notes for a research essay because some stupid whore recalled the book I'm using. Not fair,worry
O'Charleys? Pretty good. Especially when its free. Hot waitress? I think so. Back to work? Unfortunately.,neutral
@projectcloud pinched nerve,neutral
"@natdcook hey you, honey bear! Don't goooooooo  puhleeezeee..",worry
people in my house do not know how to close doors,worry
"@DrRus @BruceBrownNC Good morning, gents!  How are ya today?",happiness
@m1dnightc1ty I do too!! Sounds interesting,neutral
disappointed! I forgot to tweet something really inappropriate @graphicphantom yelled in whole foods yesterday &amp; now I can't remember it.,worry
WTF? Twitter doesnt support messages from my phone -I wanted to be able to Twit while on vacay.   Poo on you Twitter,neutral
@ash_786 It's no secret I'm an apple boy! Have considered the iphone dark side MANY times,worry
Missing Everyone,neutral
Caught in a herd of somalions,neutral
"@_danni haha that's the stupid thing, I did and I'm still getting them &gt;:]",neutral
"Jeff can't get his visa in time to come visit me!    I'm so sad.  In other news, I'm going to Lapa tonight to samba the night away.",worry
Had Sbarro for dinner and Krispy Kreme for dessert. Mmmmm! But so not very healthy.,worry
"..my mother just WON the City of Terrell, Texas District 2 'City Council' Seat  ..i'm M.i.A lol HAPPY MOTHERS DAY",happiness
happy mothers day!,love
"@joycecherrier Awww. Don't mean to sound like an overgrown age 37 baby, but I'm still stick. Not as bad as yesterday, but still bad.",sadness
sooo tired of this cubicle,sadness
@NadavS Cant wait to do some of those things,neutral
@AugustGrrl oh no! Whats up chuck?,neutral
@bruceswalker   Hi Bruce  I am trying to eat healthy!  It's kinda scary when I read &quot;Eat this Not that&quot;  maggots and rat hair in our food,worry
@JessicaSimpson I've been a fan of yours for years and you have been such an inspiration to me. You're truly my idol  Best wishes to you,sadness
@dorkybarb There are currently 0 penguins at the MN zoo...  but we can go sometime soon.,neutral
wants to welcome @melizadeleon: back to Plurk again!  http://plurk.com/p/rp5po,neutral
Packing for Florida  What's the liquids in a carry-on rule - 3 or 4 oz? Haven't flown in over a year,worry
@mcraddictal,neutral
@Lesley_M make sure you watch in HD,worry
My back is killing me...  It won't keep me from dropping it low...hope I got someone to pick it back up tho... LOL,neutral
@HannaG87  There you go.,neutral
all alone on a friday night,love
Downside to being on client site... no donut today.,worry
Happy Mother's Day everyone,love
stood on my curlers and burnt myself  then burnt my hand when i picked them up..,happiness
"Squabbling with people over the internet is great for my Tumblarity, but bad for my ego when they have more internet friends than me",neutral
@aldenpolicar good day sir. I'm hungry!,neutral
@TheSims3 well us Brits have to wait a few more days for it!  I thought it was all gonna realized at once! I guess it's worth the wait!,neutral
in edinburgh. just had a chinese yum! better take wee haggis out hes cryin at me   dunno y tho xox,neutral
@boomerous Discrimination is not a bad thing. I've learned to say no. My children would say I mastered that years ago,worry
@matheusmr sejaaaaa beeeem vindo meu anjo,neutral
I think the rain killed my phone,worry
@Zo_E Aw. well im sorry you don't like July for those reasons,worry
"Ready, Set.... hmmm DELAY",neutral
Happy Mother's Day to all the moms out there!,love
@caitymarie I'm not off till 930,worry
less than 1 month and im done with high school... ohh my!  my friends,happiness
"@scodal  yeah I saw, looks like hard work, But I would know  whats upp handsome",neutral
it is so cute watching Matt play with the Wii as I do some work,worry
(@ohmyjade) 1-Pendulum = awesome! 2-Goodbyes suck  3-Shut up plz. 4-Toy Story 3!!  5-JB 3D MOVIE 2MORO! 6-I'm tired. 7-Aaaand I'm out.,happiness
@JackAllTimeLow I wish I could go to your melbourne show but my parents won't let me  *cries*,sadness
Going to the dirt track races w Aaron. Having a really good hair day! wish I could wear makeup though,happiness
Fudge.... Just BS'd that whole paper.... So tired.... Ugh I hate school.....  time to sleep!!!!!!!!!!!,neutral
Wonderful day for my photo practicum of the Fotoschool. I wouldn't mind some typical Dutch clouds though,worry
"@acinerba Oh man, that sux... price u pay for being on the org chart (and responsible, and stuff...)",worry
"@heidimontag It was wonderful, just home from a wedding. I love it   How was youre's?",love
"@MaryCateOMalley Like the Simpsons? That's like asking, &quot;so you like breathing?&quot;",neutral
"@homeandhosed :O goodness, i havn't heard it. i lovelovelove her old stuff though, the overture the underscore is the best album i think",worry
really rather drunk  drunk thoughts - how am i getting to work tomorrow?! is loz alive?! does gandhi read comic books?! we will never know,worry
I'm really full and I feel sick,worry
"Yaaaaaaay, bday!",neutral
Loving the new skype! Especially for someone like me who lives half a world away from home!,love
@jackalltimelow I just got my JAGK shirt in the mail! Omg I love it!!!  see you saturday!!,love
... lunch is no fun when you have nothing to eat.,neutral
hoping it will rain again because it's sooo warm,neutral
@Darcevarchy Re novel - will keep you posted,neutral
@oyfreakinvey rofl,sadness
"In 24hrs time I will be at uni waiting to start my 1st exam, scary. I am working hard this morning though, and feeling ok about it atm",worry
"This wraps it up. Well, again a lesson that you shouldn't take nude photos of yourself when you're famous. Or maybe you really should!",neutral
"@Paigex3 hah yeah, its that bad, not gonna lie. :o Have fun",neutral
"@medic60 all work, no play.",neutral
@BeateVeronica I'm jealous - I would love deer steak. One of the downsides of having an almost vegetarian and a carnivore living together,love
@OnyXx_B all the shows are sold out  so I have to wait til tomorrow or sunday...,sadness
@Nessie__Cullen_ lol  emmett wont do a dance off again,worry
"@DirtyRose17  told you, you would sweep haha :-p",happiness
"@HeroBeth That was my entire week!! I didn't get to design once while at my GRAPHIC DESIGN job, only at home doing freelance. Sad.",sadness
@Helena210 No one to rub it in,neutral
Good morning everyone! It's back to work for me - so won't be able to chat until tonight - I hope everyone has a great day!,neutral
Off to the banks to get this thing rolling! Hooray for days off!,neutral
@RetroRewind ty for feeding our NK addiction..ermm i mean our uhh nope yup addiction covers it,worry
Morning.. Coffee and fresh air,worry
@sevenspoons I like mine green  Just somehow doesn't taste minty otherwise .. heh heh.,worry
@Farung now Eating and meeting at the same time sigh well well I want to start work out too but will have to wait move to my new house,neutral
"@momebie omginorite! I'd be all fancy and tophatted all the time, it's really too bad I can't grow a handlebar moustache..",sadness
@kasey79 good night,happiness
Is getting upset at work cus bindz and j are being bullies  and they won't let me go duty free shopping!,neutral
"The scream of sirens, and three fire trucks going south bound on the highway = I will not get home before 7.",worry
"@Ethan2Rock Thanks for the heads up, Ethan. Watching it now",neutral
@cosmicxpress cheers we will defo give you a call,neutral
@CVJason @MINDY979 @inotherwords_c @scrapplesandwic @thenewnicole @Sweettreat Thank you for the FFs my friends!,neutral
Symantec Ghost image corruption is making me cry,neutral
"@Frozen2theSword YAY! Hope your day at work is wonderful, Sis! We have a Bank Holiday in England today so everyone is off work",worry
@damohopo @StephanieEllen If I told you how often I wash my hair you would never speak to me again,worry
@lu_lu I must be getting old and bent: that is the second thing you've said in the last couple of days that has not really been a turnon,neutral
@meredithhawkins Aww nice,neutral
"enjoying listening to the rain fall as I prepare for a conference call at work.... a meeting later today, then to relax tonight",neutral
Wishes she had a pool,neutral
"@Dollburrell Ooh, cutting. I like you",love
Probably the best birthday I've ever had. I got to spend it with all my favorite people.,worry
@Brandi408 thank you!,neutral
@Jordanbrown Get her Clogging Shoes,neutral
@NightRPStar I don't think so. We just hired someone for that.,neutral
@Welshracer I loved him and he was in a mini,love
) no more Chemistry!!! I'm gonna choose English. I find it (Chem.) kinda boring in the end! gonna help people &lt; who choose Chem&gt;,worry
@addisontodd um hi. Good morning. Rough night?,neutral
about to play my first game of apple to apples!!   wish me luck...,sadness
@Mollieandme When oh when are you coming back for a gig in Scotland? I had tickets to see u last year but was in hosp wit gallstones!,sadness
http://www.youtube.com/Lillysan I found out this morning I got 800+ subscribers! Thx!  Check on Lillysan Awards! xx Li,worry
http://twitpic.com/4jalj - Morning world. #healthyliving update. Weight this morning 82.1kg (12st 12lbs) Going in right direction,neutral
"@Bunny90san ooo... No I believe they've all closed down, even the ones at the airport",worry
@JohnhampsonUK Oh very nice! I hope you have a wonderfully relaxing day!,happiness
"@jaybranch You too, remember the kids' grenades will go off again as soon as you've tidied the house",worry
bought my dress yesterday!!  Only 12 more days til Chris is home. So excited! Gavin has his first tooth,happiness
So I'm REALLY considering it at the moment  Same days but even more money. Harder work though but can't imagine harder than I do now.,worry
@kheiny so the beneath show got cancelled BUMMER! i guess i wont see you til cornerstone  who are you goign with?,worry
About to venture forth to Turkey Creek &amp; fetch the boy after his post prom festivities. Hope he had fun,worry
off to bed I go..have a great Mom's Day all you moms!,neutral
Well thats that then. Exam failed and bsc gone,worry
@HoptonHouseBnB now theres a thought .... do you still get goldfish at the fair ?? not seen them for years,sadness
@catrionat7 Yes yes Is. Ima Guna Be On For a While Lol.,worry
I have one less follower  That makes me sad and I feel like my life is dull and uninteresting.,happiness
@loveyoumoreMJ unfortunately I'm not drunk enough lol and have no money to get drunk  I have had alot though as u can imagine haha,worry
@crunchmonkey78 well i just got home and its not on till tmw at 530p but with comcast its on right now  but i didnt miss it,worry
@LaneySmiles you know you lvoe me!,neutral
@evatweets feel better soon! Your immune system must be away on holiday somewhere... probably with mine,worry
Off to the bank,sadness
I hadn't realised how Long it had been since I was last 'tweeting'... Now I'm on here I don't know what to say  x,neutral
@emaxio still @ the courthouse!     Happy to have a job... sad its this one!,sadness
@neestaples Thx for FF  #followfriday,neutral
"im so tired, we have a great time today together, thanks for all",worry
@DJMagic aww i'm sorry!! I was rushing around on my lunch break so I didn't even think of it!!,neutral
@dean_b BF @ gig in Portland OR.  That's not driving distance to come save me from Burbank. I stuck ATM.  Working on plan B,sadness
Now standing because my tailbone is killing me,neutral
At Home Depot and no one will help me load my plywood into my van for some reason.,worry
"happy mothers day, too all mums out there  remember treat your mum well, she brought you into this life =]",love
I am new here,worry
"@Janit thankyou sugaaar  btw I'll leave this town on 7, really hope could see you next time ya ra. Skrg sempit bgt sih waktunya ya",worry
@stephmccall ugh I'm more worried about history on wednesday  I'm freaking out about it so much!,worry
I don't know what to do about tomorrow,worry
studying for my exam tomorrow @ 2 &amp; packin up!,sadness
"@ElvisHsiao  The website I'm developing - http://woo.sh lets you also share Videos, documents, maps and events - Later music too",neutral
@HlywdScrnwriter I've thought about it several times . got a few good friends there!,happiness
"Everytime i have a bruise, @marcuselzey can't stop hitting it on accident.",worry
@dagadong  probably why he's still married to Joan perhaps?,neutral
@Sobbee Naw.. it was pretty tame. Only 1 guy in costume.. a Voyager-style &quot;medical&quot; uni. Disappointed there weren't any more in costume.,love
cant wait for thursday!,neutral
@lowestformofwit,neutral
Gotta work.  Lonely weekend ahead.,neutral
Has finally learned how to think before he speaks. And it works wonders,neutral
In the middle of breakfast the school called.Yep...back to get Shey...AGAIN.3rd migraine this week or maybe one that never went away,sadness
@melissagreen http://twitpic.com/4wsk3 - too cute,neutral
Having a (Y) weekend with Karen. Off to Swansea today,neutral
"I should probally bring a box of kleenex to schoool today, I'm going to cry so much",worry
Watching 1st Potter film with kids and eating their sweets  Grotty bank hol weather in Hoylake. Typical !,worry
"@x_crazyangel Gah   But Gregg should have got the hot and talented vote, dammit!",neutral
@Kikirowr Aw not again!  Feel better soon bb!,worry
Hank Thompson ï¿½ The Big One Got Away -- hmm... how old do you have to be to remember THIS?  ? http://blip.fm/~5jboh,neutral
@Bparker_Seattle I totally 4 got about Golden Girls that is a gr8 Show,neutral
"@ocell great to hear you saw Slumdog Millionaire! And yes, that's a Bollywood thing at the end",worry
Yes - before you say it - I know I split a train of thought over three tweets. I think the last time was summer '08. It happens sometimes,neutral
So Bored. Firday Evening And Nothing To Do,neutral
"Sad I missed @tylerhwilliams going away party due to too much work, but I really am gonna miss that kid",worry
Happy mothers day! Be good to your momma's!,neutral
Not looking forward to the upcoming week...My better half will be gone all that time! It's TRULY GONNA SUCK BIG TIME!,neutral
my guinea pig died today,neutral
"Gonna go round up some DVDs to sell...  I will miss them, but I need money!",worry
"Morning everyone sorry for going early last night had bad news, felt totally crap   Today is a new day",sadness
"niqhty niqht niqht .. all toqether, GREAT day  ;; @AyyoJayFresSh ily yall !!",happiness
omg  @nicolekennedy i found it  thnx,neutral
we'll be visiting my grandparents later. BTW i just heard katy perry's HOOK UP whew so cool i love it more than k.clarkson's version,love
Guys... a serious question. Which song do you like most of all your CDs? Be honest! I know you won't reply me  &lt;333 Maria,worry
@awalliewall my *mom*(not aunt haha) and uncle were both adopted with very diff adoptive stories. if you want to chat sometime lmk,sadness
@LichfieldBlog @nickbrickett #lichfield #tweetup sounds like fun  Hope to see you and everyone else there!,neutral
@peterfacinelli You didn't answer my riddle  Party pooper lol. Jokes Joyce  it was a good one tho haha. Hav a gr8 weekend!,sadness
Poor Kella is on meds now for an ear infection; she lost her food all over @deannamichelle twice at the doc's,worry
plus it hurts seeing sum1 you love falling for someone else!  not even kidding im wellllllllllllll gutted. xx xx,love
@iamlauren its never-ending,neutral
Good morning world!  haha had fun at the movies last night ;D and school now... Hmm new shoes make it better  http://tinyurl.com/dfggwj,neutral
@Joannevance Morning there.,neutral
No waterfront anymore   faccia luna and clarendon will have to do,worry
quick catch up on missed Neighbours ... poor Libby,worry
has stuff to do but refuses to do them.  :[,neutral
on my way home from ny...then sleeping,worry
Someone left me an anonymous card. Thank you! It was incredible,neutral
my n95 hacked  no signing needed.. thx OPDA,worry
"@kerryetches Yep they are open, it's Sunday hours tho",neutral
"Very tired! Dinner good, then churro's were good!",neutral
Webcams Hoepfner Burgfest in #Karlsruhe: Automatic reload #fail http://bit.ly/Vdtvf,neutral
@jenhp But that is such a bummer you couldn't get your book signed. Sigh ...,worry
"@Mogeezie u ever jus fell like damn, i jus want to cake it n lay next to ur baby...watch movies chill freak on all night...",worry
hello thereeeeeee,sadness
"Beers &amp; whiskey = awesomness, work in 8 hours = sourness",happiness
Still Wants To Dress Up,neutral
"Part of my Neuroanatomy take-home test.  After this, Iï¿½m... http://tinyurl.com/de8y47",neutral
Rescued two adorable pit mix pups today.  LC and Brody.  Looking to adopt?  E-mail me for more info and pics!,neutral
going to have bfast now,neutral
"@FoxyOxymoron I would have, but SuperTarget didn't have any.",worry
@yogadarla @Gypsy_Yogini @Rock_My_Soles @Lotuspad i am sooo jealous  in a good way of course.  LC is awesome.,happiness
@VeeeLEE  SUMMER farn lai ba ahhhh,neutral
Good Morning Sunshines!,neutral
feels not good at all,worry
@GGEastLDN im cool  cant wait to hear these stories xoxo,worry
Here's a definition of network neutrality for those who may be interested  http://tinyurl.com/ls4qn,neutral
last night's paper writing session=still not done. I need to prioritize better.,neutral
@rdmagnum guess Ill drive it back nine hours,neutral
Waiting for Natie to come online I miss him.,worry
"@LILBOOTY24 If u do, please pray 4 me.  Lord knows I need it.",worry
Killing people  no not realy O.o just bored although it does sound like fun,neutral
@MariusLT I'm sorry about your bad driving experiences.,worry
I'm dying to see the reaction on their faces  .. its going to be FUN gedan begad,worry
@rj hahha I don't do drugs though,worry
why yes jeeves. bring me that noose there  TOO MANY ASSIGNMENTS!,worry
Looking for accessories for my #livescribe smartpen.. not many sources here in germany for it.,neutral
@NeilMcDaid looks class the water splash looks so real  looking forward to my review copy ;),worry
@novemberlight I sometimes fail,love
@OFFICIALDJAOK @NatBoogi @tinocochino @JTONAIR  Soooooooo What Happened To Power ForReal?,neutral
@ddlovato check out my twitpic telling people to buy your album!  http://www.twitpic.com/4jhn7,neutral
"Work is MAD blocking sites! No fun  but they aren't blocking facebook, twitter &amp; youtube",worry
@decadentluxe That's love.,happiness
I miss matt today,sadness
Finally making some headway in the family room!  Home is finally begining to look like it!  btw dial up can go die!,worry
Ha ha ha @yoko71 I know! Love it! Love him!,love
gotta get up in a few hours...booo  gooodnight!,neutral
@Nololos yeah  just told Stanley its the only time I want to slap girls icky bitches encoraging bad behavior,neutral
@CaityKaboom so sad i have to pay $60,sadness
up way too early for a sunday.. watching old episodes of grey's,worry
"Sold bikes faster than expected, and we are running out of sizes.    Luckily the single speeds are on the ocean now! ETA -  EO June.",worry
Sitting in an empty yearbook room.  attempting to figure this asap out lol,worry
@hojomo im having trouble finding really yummy egg free ice-cream   #favoriteicecream - got any recommendations anyone?,worry
BYEEEEE!!!,neutral
At my rehearsal...gonna miss the game  please keep me updated! Go Nuggets!,worry
has toothache,neutral
back garden times. my feet hurt,neutral
@kiyomisu ya and i would have gained a few kgs by then.  what are you working on today?,neutral
AHHHHHHHH omg Pridelines got talent is giving me a headache!! wtf omg osn !!! Make it stop mommy make it stop,worry
Storm system that looked to bring us rain today is going to miss us,sadness
learning how to use twitter,worry
@richardepryor you can use my alotment,neutral
@yiannopoulos  But I like it,neutral
@juneAmbrose Keeping Doing Your thing. Your inspiration for all black women!! Sending positive energy your way!,worry
"I have that 'Friday' feeling, though - I am working tomorrow",neutral
im so tired  &amp;i miss dionee already.,worry
http://bit.ly/s7hQe   Translate XMind to your language.,neutral
Only four full days left in Aussie-land. I don't want to go home.,worry
... looks like it's gonna rain,sadness
"bathing with two little angels, Keyla and Janice.",neutral
is frustrated by twitter...my picture will not load.,neutral
"@kegrocks I did one last night  it will be available in dvd, blue ray, and digital download via the iTunes store by the end of the week",neutral
Not feeling comfortable with myself today,worry
Had a nice chat with an old frnd... its been a while since v talked  was fun...,worry
@ErikVeland Dude... That sucks! Why would they tow it from your own space?,worry
"Whew. Finally done editing my Friendster account. Haha! Oh, geez. I'm hungry.",worry
"@danameller Aww, thanks!",neutral
yeh. merch shopping to look fab.,neutral
so so tired..,worry
Happy Star Wars Day!!!,love
@MikeGrace Yeah we actually went in the room they were at. I just didn't look under the counter where they were,neutral
@babygirlparis where are you going paris?,neutral
HAPPY MOTHERS DAY TO ALL THE MOMMYS EXSPECIALLY MINE  LOVE YOU MOMMY,love
Practically my whole body burns... I can't bend over or make any sudden movements with my arms,worry
Im mad cuz i cant get any picture to work.,worry
AP: North Korea could opt for devastating land assault... http://tinyurl.com/nmg9ht (via @Drudge_Report) Scary talk to say the least.  mm,neutral
&quot;family bird is the word&quot; I &lt;3 FAMILY GUY,sadness
just noticed that two of the top ten topics on Twitter right now is &quot;Star Trek&quot; and &quot;Spock.&quot;   That is so cool!    I am in love with both!,love
@gimboland sorry change of plans for me   :'( revision for monday exam in a park with one of my friends,worry
It went really well! But the vid didnt work.  im sad,sadness
With my baby drinking. God I love her,love
@robyn3890 it was way worse than that ...and where were you why didnt you say hello?,neutral
"@CirqueLasVegas 2nd ticket has to be for the same show, though, right?  No good for a solo traveler to Vegas.",neutral
@leekingx3 It was on my CNN subscription on Google Reader. I couldn't help but repost it,worry
feels ..my cousin is a monkey  http://plurk.com/p/x23pa,neutral
"Note to self: don't wear steel toes to the court house, I'm just sayin",sadness
I get an instant sad face when I see a little kid lose their balloon,sadness
"@grentone If you have specific questions, let me know. Always good to have them when writing stuff. Well, I am off  Have fun!",neutral
Is going to have one upset daughter  in a bit..mr. Rat took a sudden turn for the worse and didn't make it,neutral
seriously why did mum make me eat yeah i have a weird eating habit of not eating all day but really,worry
@bloomsday16  I'm sorry to hear that. Here is my optimist: Things will get better. For all of us.,worry
watching @jtimberlake on SNL,neutral
@dizzyupthegirl thankyooooou,neutral
instant-messaging with two of my favourite conversation guys,neutral
oh no my tweetdeck is malfunctioning :O il have web will its fixd,neutral
@creamspyder  thanks  you've been quiet lately!,neutral
im nervous :/ i want @mmilanezi to gimme a bear hug,neutral
@ACALLPRO -- yeahhh u wasnt thereeeeeeeeeee,neutral
Beautiful morning here in the mountains,neutral
work  @britad Yay!,neutral
off to work for the day,neutral
@heffabella i dont know u but heeeeeeey  my name is shannn *extends hand* put er there. where u from?,worry
catching up on my reading... twitter n BF break,worry
Thank you all for the huge response w/ blessings &amp; congratulations for us and Anna... We're indeed a family in church  love that so much,love
Welcome @pbcat #Follow #Freude,neutral
@mommymuse Thanks for the hint.  http://tinyurl.com/chtx7e.,neutral
heeey heeey!   about to go read...,neutral
"well i guess it all depends,undergarments.",worry
@EidolonNight That's kinda sad. And they're poking me while they're at it. Huh.,sadness
@SolarAvada - DAMN. LOL ON FRIDAY.? ITS NOW SATURDAY HERE LOL. IM IN AUSTRALIA,worry
afternoon. have the first rehearsal with this (extremely talented) singer-songwriter today. wish me luck,neutral
@RhChestnut .. Guess ol' Tom has another mission impossible ... some of this is like trying to prove innocence .. I didn't get hugged,neutral
@mrkris really?  dang.. I missed it   *sigh*,sadness
"just arrived at @eurodjangocon, on about 150 fellows i can't see a girl!",worry
@charlieskies your vid wont play  x,neutral
@danachs I am lost. Please help me find a good home.,worry
my 6th wedding anniversary today... so lucky to have such a gorgeous wife,worry
"3500 downloads for quickpwn 3.0b5 with cydia, Thanks for playing",neutral
@jonsedar I'm jealous. I have so let it slip what with the baby and all. Not sure I could even do a half right now,worry
In walmart getting a mothers day card with every other procrastinating guy in chattanooga  slim pickings but got a good one.,neutral
That's it? It's done already? This is one proof that there's nothing fair in this world.   http://bit.ly/10UEMq,worry
is in route 2 da' beach! No sun yet,worry
&quot;Stop your twittering&quot; - Maryland cookies #bgt,neutral
Prism is the MY nEW wEBTOP.. mozilla labs rocks my world...,neutral
@steven89 I dont have one here - dunno if my mom ever had one or not -,worry
Just got caught in the down pour,worry
@harisn I love to Read  And i love Film making,love
I have to goto work now ahhh kill me  my life isn't going the way I want it too atm. Ta ta kids x,neutral
About to take meds I take that percentage back... feeling worse,neutral
@TRACTAHPULL   I love you,love
"Friday Night Magic last night, I lost so bad  I suck at draft",worry
but @pennyessex Humira isn't right for everyone. Some respond better to Enbrel. Ask your Rheumy. But not much long-term testing done,worry
Mariachi'nin yeni kampanyasi ve beraber gelistirdigimiz Facebook Uygulamasi (Shut The House) Hurriyet'e haber olmus: http://tr.im/msthhh,neutral
"@staceyclarkin More than welcome...would love to do more physically, but family life doesn't allow",love
@allysonrobinson ...as well as bell hooks Teaching to Transgress.  Sometimes I miss teaching &amp; messing with bad system.,worry
Beach with ashley,neutral
why did Reel big fish cover Edna's goldfish,neutral
@OhSweetNibblets  16 too   crazy about miley and JB and in love with Nick Jonas haha,love
@ashgen sounds good!! Can't wait,worry
"@Captain_Phatass hopefully you're up before 8, as meeting is at 8",worry
misses @laurencarll so much,neutral
Hahah. Love them!,love
Leaving for work.. 5:30 can't get here soon enough!  hope everyone has a great day!,worry
@WorkInColour It was a pain worse then death!  The Dell is just a boat anchor with a power cord or a very ugly paperweight!,neutral
@Anna_Viola love it! By the way I didn't end up having time to go this week  I'm sooooo sorry! Next week for sure!,love
workin.. still lol i wanted to go to the spring game,worry
@idreamofjeanny Chowder is the shit!!!!!!,neutral
"Ouch, my back. Man I'm sick",worry
just ran some ACCELA unit tests for the first time in about 2 years... and they failed,sadness
Strawberry margaritas + baked stuffed shrimp =,neutral
"morrrning! the last day of a random but awesome weekend, gonna round it off in dbar style!  good timezzz.",happiness
@avinashkaushik how about a new article on finding your YouTube channel stats in your Google Analytics account? Can't find it,worry
"She got it , ohh baby she got it.SINGAPORE I'm going to rock your city",worry
the sun is shinning! im off out!!,worry
"@BoltClock Hmm, I will hear more.",neutral
@jessejane looks to be a great morning already!,worry
@Keiyaunna OH FACK U GAVE ME POLICE THATS SOME SERIOUSE SHIT,sadness
@donnyosmond Very excited as we have just booked tickets to Vegas (we live in the UK) can't believe the  price of the show tickets,happiness
Going to search out areas we would like for our dream home to also home my home based business one day soon.,neutral
"@T_DAHSAR Thanxs hun, you too!",worry
@AYEJILLA &amp; @andrewEMT suck at trying to scare people but are good at killing naps.   http://myloc.me/218m,happiness
@rachikus thankyou,sadness
"Standin in a forest, just got the maddest photos taken",neutral
"@opaque19 I can't do that.  I take it at 11, or I work through it.  Those are my options here.",neutral
wanted to go to the club...dancing;)..but now iï¿½m tired anyways i have to go to work tomorrow!,worry
Vent:  No one cares,neutral
@lameBIRDIE aw its okay tht happened wid me too..am so glad thts OVER now!am not helpin here am i?!?lol thnx for postin WMIAD  loved it,love
met the shortest line ever at FCB Tunapuna... then the tellers disappeared,happiness
@MarkMayhew ha! lemme know what you find (tho I suspect it will be a lot of complaints). Have a peaceful night my friend,worry
@CocktailChic oh f*ck! I completely forgot about Thirsty Thursday! oh. my. gaga. this sucks,sadness
@EileenRight What phone do you have -- an old rotary?,sadness
@maryvictoria did you get fired?  *hugs*,neutral
@Jinsing what Brody how dare u,sadness
ughhh. i think my plans are ruined. i was excited too.,happiness
made a little cover for my iphone.  the birds aren't upside down on the back  http://twitpic.com/67tp9 &amp; http://twitpic.com/67to5,neutral
Oh and Cali plans are a GO! I might get to see DA too and she's my hero and rocks my socks,neutral
Just talked to donald faison about next day air. He doesn't understand twitter. And he loves cacee cobb,love
Wishing I made enough money to do whatever I want! Sux... No money in education,sadness
@rayamartin http://twitpic.com/4wlpv - whooooooooooooa!!!!!!!!!!!! ang ganda ko dito ha!!!  thank you!,neutral
I loveeeeee to live a - F A S T - pace lifestyle!,worry
I think i may have found my next apartment. Just one downfall.,neutral
@welsh_lottie Not one of my favourite pastimes  This weekend is a long weekend here so Monday I'm off to an Ice Show w/ the G/daughter ;),neutral
"loves GOSSIP GIRL Episode 23, The Wrath of Con",love
says just passed by to say hi  busy with movie task from school =. = http://plurk.com/p/rozcz,neutral
"@daniellebabeyy babe  ive been aight, urselff?",neutral
@hanastephenson I sent u a direct message.. there's my mail,sadness
now i'm in hmv,worry
good news: finally finished my #EASactive workout that has been paused for 6 hours. bad news: my resistance band is torn,happiness
"just watched devil wears prada, and i want to live in new york city more than ever. why must i be so poor",worry
@britneyxsucks I hope they come,worry
what am i doing? what can i do?,worry
WOOOOO!! Twitterberry is working again!! Good morning everyone,neutral
Thanks! carry on the craziness again!!!,happiness
"@photojunkie #avatarcamp photos, perhaps?  lol (just itching to see them!)",worry
@sweetpea2809 Nor here... Sad times,sadness
Drinking coffee....MMMMM.....coffee,neutral
@polyap POL! Is this song from a new album? I am really missing out on UdD!,worry
"bout to have dinner with the Homies. T.G.I Fridays takout, headed bak to the spot.",neutral
@AmbroseChick yeah they got qualifyin in.  This whole race is tape delayed,neutral
New issue of @olivemagazine in the office...desperately want to flick through but have so much to do. It'll have to wait,neutral
Good morning guys!  Dont forget: Today is mothers day! Mommy? I LOVE YOU ! Youï¿½re the best &lt;3,love
Such a headache  It's killen me!,neutral
"@nikkidang Yeah I've been going there for the last month!!  SO amaaaazing, I'll bring some back for you",worry
@THAREALYUKMOUTH I'd Love to work with you! http://myspace.com/inikco  Tell ur friends to follow me!,sadness
Is feeling really bad about goofin' on @NinaParkerTMZ not knowing she really wasn't at the meeting! Dang I'm sorry! Me &amp; my big 'ol mouth,worry
wants cookie,neutral
@vickycornell HAPPY MOTHERS DAY VICKY!!!! AND TO ALL THE OTHER MOTHERS WHO READ THIS!!!,happiness
but I am one in a million,neutral
has some bad newss,neutral
"@shananaomi yippee, darling girls. Love you sooooo much  and so thrilled you found each other!",love
Why did I agree to work on this gorgeous day?,neutral
Xfiles disc doesn't work.. Rippin,neutral
"@jackgraycnn catching up on my tweets, I saw AC's promo of your new blog before yours, I knew immediately it would be yours by the title",worry
says somebody n e body please!,neutral
@esoterismo My Dad told me music that has the power to heal the soul. Sure is true of yours,neutral
@wyclef that's a good sentence,neutral
Home from school. Out tonight? Probably not,happiness
spending the night with mom and Tommy.. just ordered Pizza Hut.. yum!,worry
is tired but happy the orphanage was wow.. and babysitting was really fun,love
"@IvanaF Oh, that would be riveting TV!   Trips to the break room, coffee, toothpicks in the eyes to keep them open.",worry
@iancantdecide hey ian.. May 7 din ako..  maybe we'll see each other.. or not.. cuz diff. schools tayo.. hahaha la lang.. :p,neutral
"@TomCopestake  I'm sorry. You'll get there don't worry, one day at a time.  We should 'hang' when you're done.",neutral
"Ugh,what a boring day",neutral
"@Mangowe You're welcome, I am off for some merry noddingtons myself soon. It's not even dark!",neutral
@TerreMum It's http://chelseavantol.etsy.com xo,neutral
"wonders what some dancers have against glitter? Just don't wear it. Don't create a whiny group about it. Ok, I'm done.",sadness
@tommcfly Tom are the MITO tour dvd's still being made cos no where seem to be stealing them and i really want a copy,worry
@wajeeha i hope you knew its due tuesday,neutral
@Intelligentle This was at Pitman's down South. It just looks like business is bad all over,neutral
@kerkat28 i posted it! let me know what you think? theres a really cute cut out in the back too.,neutral
@TheFeed Your STFU E3 list link is broke,neutral
Girsl night ! on my way to foam party  No sleep tonight !!,neutral
is excited about Taylor Swift on wednesday!!!,happiness
"I hate Fallout 3 it keeps making me jump, I'm also low on health, money, ammo and food  don't worry I'll get through it.",neutral
@Applecored what I do now  anyhoo thanks for the *spank* :-O x,neutral
@meganwest no we had to go to malibu to find a beach!,sadness
"@GirlUSoCrazy lol girl I cannot stop!!! I am a student, I can't afford $14 a pop eyeshadows. But I am so hooked",sadness
@KRushtC that's because you've been avoiding me.,worry
"@afrolicious Chile, I gotta study   But I do hope to catch an art show or sumshin...i need to get out.",worry
@islamqa And you as well bro,neutral
"@o0hemmy lol hi emmy, latin would help me study for the aptitude tests to get into grad school ;\ thats why i wanna take it",neutral
@AyeshaM13 bored in class. I wanna go home.,worry
"@Willie_Day26 awww man, its nott",neutral
Celebrated Mother's Day with the best lamb roast lunch followed by a box of Cadbury's shared around the table. It was a wonderful day,love
@FSBigBob He's gonna do it for mothers day  Ever notice Papa looks like Squiggy from Laverne snd Shirley. I love him.,love
Would really like to buy death note 1 &amp; 2 later this week  I loved those movies!,love
"@vocabularies i know, don't tell anyone  i dont know if my dad told the famz yet. i think i'm taking it online.",neutral
"@totalgunner Nurofen and marijuana, usually. But I'm lacking the latter currently.",neutral
Its so windy and raining harder then the day before today   bye bye if the power gos out,worry
ugh! looks like it can rain any min now,neutral
I'm hungry. And single.  heading to the golfing range soon.,worry
Hot ramen soup to end a longgg munching night,worry
bummed about the softball loss 0-1   These girls are so good at only 12!,happiness
@lancearmstrong any chance of seeing you at a race in germany? unfortunately hardly any tv &amp; news coverage of cycling here anymore!,worry
@ashleymshep yeah girl you betta be on twitter! i miss you. jealous of jen's limo ride,worry
Tonight's SNL does not dissapoint. LOL,neutral
@PaulaAbdul  why canceled your performance on Letterman? i'm So sad because it is less an option for you.,sadness
@MovieTFan: Well that is just completely lame. I'm sorry dude.,worry
@dcorsetto love love love pot psycology. My Friday night treat,love
"@donna_grant  Hey Donna, lovely to see you on Twitter.",love
@tommcfly hope you have a nice relaxing day!!! hope your well  wishing you all the best,worry
@AshyLBowz - OH FOA REAL.? I DIDNT REALLY KEEP UP WITH WHAT WAS GOING ON. TOO MANY DIFF STORYS N STUFF HEY.  WISH HE NEVA DID IT!,neutral
@yfeandipoo I'm sooooo excited to see you also love.....let the craziness begin  7 daysssssss YAHOOOO,happiness
Month end... still stuck in my office waiting for the stragglers to get there s#!t together.,sadness
Alix's graduation party!,happiness
@inyourvan Well I guess the McCafe=tastes like shit cured ur craving? You get the McSkillet? Me Wants,neutral
"@hotdogwater dayum.  i dont even remember why i started twittering... oh yea, facebook integration.",neutral
"Goood Dayy  Beeen shopping, didn't get what I wanted though  But my best friend has comeeee homeeee!! XD Ily Shannii x",worry
I burnt my arm.  (just thought you should know),worry
Happy Mother's Day to all the moms out there.,love
@goodbyeblueskyy everything okay?,neutral
goin to bed,neutral
"@davidalexanderm fantastic, love all things Krautrock",love
posted a few pics of my college on my myspace www.myspace.com/katieheidie,worry
Bloody servers are down at work for at least 3 hours. Want to go home now!,worry
@laydieluck777 damn  real sorry to hear that ma,neutral
not going out with them. there is another fatty i like and hopefully ill see him in when i'm in cali in 8 days. if hes not upset with me.,sadness
Saw Wolverine last night,neutral
@pilgrimfamilyuk oh no I hate that,neutral
happy birthday to me!!,happiness
"@tommcfly My eyes are starting to hurt! It's getting super late. But I just gotta keep tweeting. Haha! Philippines tour, please, Tom?",worry
@Running5k2day Oh no! Hope it's not as bad as it sounds!,sadness
might go to bed? No nightmares about bad grades tonight please!  Hmm!,sadness
@mileycyrus voting has closed,neutral
bad mood and i dont feel good. too bad no one cares,worry
Just snuck out my window.. Now im laying on my roof looking at the stars. Its a nice night out tonight.,sadness
Just found out one of my ankles is swollen...eeks now it hurts,worry
@Twiter_ME_This Morning @DonniezDetDiva new profile pic,neutral
Happy Star Wars Day. MAY THE 4TH BE WITH YOU,happiness
; Another friday night cancel.  probably movies with just Ashley.,neutral
im in stats and I'm bored and tireed,worry
Tyring to pack for my Aruba trip (soul beach music fest),worry
@chully LOL too bad he's taken!!!!!!!,neutral
"Dad asked me why I was sticking my tongue out while I was ironing, and I told him it was so I didn't burn my finger, as I burnt my finger",neutral
OMGoodness back to school soon FUN!,neutral
@nattskies heyy nat! twitter twitter twitter. you'll get used to it hahaha  love youuuuuuuuuuu,love
@prettyrach I am 100% jealous.  wish I had some,neutral
"@glamorousamanda I wish i could have a pole, we got no space for it  maybe i should throw out some furniture and get a pole",sadness
@ZnaTrainer How are you today!?,neutral
@codepo8 I must admit when i first saw that name posted i thought it was an exploit attempt,neutral
working allllllllll weekend..how thrilling..and i have to say bye to goshy on sunday cause she is leaving for poland for 3 months,neutral
@lorilooker oii oiii  hope the run goes/went well (whenever you get this message!) love youuuuu ?,love
"@jordanlyn  Can we turn back time, make it so you didn't hurt your knee so bad.. :'( and then you can come to mine and never be ignored??",sadness
"Yay, I won at the @Jumeau Bags #Giveaway from @InstantShift. And those bags are so pretty!! Or maybe I'll have a belt? We'll see!",love
@keitaeden Sent u a few DM's..Hollaback,sadness
read twilight and new moon keen to read eclipse and breaking dawn hmm twilight was better then new moon but there still awesome,neutral
"@IYL86 Well yeah, the hormone things basically a given  thought he had misbehaved specifically to upset your mom and you.",neutral
have to put my dog down tomorrow.,neutral
looking forward to Ben's baseball game tonight,neutral
@unknownnunes Goodmorning to you!Thank you so much for being so kind? The sun is out and I'm going to paint outside,worry
"@vardenrhode thanks.  thing is so much of it is more design-art, which I hardly ever get a go at, therefore never get much better..",love
@drnic and welcome to dk  #jaoo,neutral
Happy Star Wars Day,love
@charlimillions where r u i? Am wearing a black polkadot dress n green cardigan i cant find u,worry
Guess I should have called  See ya.,sadness
"Back from the pub, want more peroni",worry
@furlongthedog Welcome to Twitter  I hoped it wouldn't be long before you saw the light and joined us!,neutral
@missbossy Yeah that's me  I used my initials for my Flickr account!,sadness
Santana - Maria Maria (The Wraith)  ? http://blip.fm/~7a10a,neutral
wearing spidey boxers,neutral
@ksidney wolverine was GREAT!!!  a must see,worry
Staging consult ltr 2day in beautiful town of Dundas. X Files filmed episode there once. Think I'll run in2 David Duchovny? Probably not,worry
"The horror that is Maggie Gallagher is still with me. Such a big ball of ignorance. You can't reason with idiots like that, which sucks.",worry
losing weight  check the pic,neutral
"@GregDigneo: Your mail server just rejected a simple, plain reply to you as potential spam/virus threat. Not Good",worry
Our neighbors cat died!  I really loved him =(,love
"thank you for teaching me values and to be a better person each day  I LOVE SO MUCH, YOU'RE THE BEST MUM IN THE WORLD",love
Sore throat. This is not good. I have four performances this weekend.,neutral
HAPPY MOTHER'S DAY,love
"@lwcavallucci No... we didn't *like* it, we LOVED it!  The tone, the story, the chemistry between the actors/characters, all was perfect.",love
"stupid rain, now our picnic is cancelled till tomorrow",neutral
@paulineee: I know!! Im so excited. We cant go earlierrr than the afternoon?  I love you tooz &lt;3,happiness
"@loic I need to check your TOS, Loic. Are you allowed to sleep? I don't remember any mention of sleep there...",neutral
I don't want her to leave..,worry
had a nice time with juno  http://plurk.com/p/sv71z,neutral
@djdnice I know!,neutral
@Draconator its brokey,neutral
happy mother's day,love
disappointed the didnt win teh glasses.,neutral
its overcast today again  it looks like it wants to clear up but i doubt it :/,neutral
@miss_om &quot;If I should paint my fingernails green- oh and it just so happens I do paint them green...&quot;  Marvelous,neutral
@purplefrogcat wow.. purple leopard skin.  fieeerrceee..,neutral
Bit devastated that I lost my entire documents folder on my home computer.,neutral
"i didn't wake up early enough to go roller blading  contrary to a tributary, i flow endlessly",worry
"@itstrizunigs actually, the web works fine. tweetdeck seems to be the culprit  sadness! it's done this at two diff. locations",worry
"LOL! Made a huge mess of my school shirt, was using charcoal sticks in 2D art",sadness
at homee..boring but its okiee gonna see the boyfriend and his momma tomorrow for momma dayy,worry
@andy2dx Awww boo. Maybe i wont be sober during 3s team at evo. I need to snag someone to be my partner,worry
@geehall1 LOL! I had a peek at http://geehall.blogspot.com it's coming along nicely  I totally understand about leaving the set quiet too.,sadness
Ahh im in love.  hes theeee best.,love
@calvinharris i wannabe in dubai,happiness
@honorsociety i like it and all butttt your not going to have it at the august 7th concert which hurts my feelers,neutral
@samsamsammm i miss you!!  stupid work!,sadness
YawNnnnn _slight headache n hangover grrr,neutral
At least they ( kids) havnt gotten to big to still say mommy ILOVE YOU. AWWW they are so sweet. I am so lucky to have my kids.,neutral
I can't help it if I'm a GRAMMAR NAZI!,neutral
"@buglegirl Thanks! I'm not quite ready for a marathon yet -- if at all, not this year anyway.",worry
Yaay congrats Shmolan on graduating  I'm proud of you!! Have fun! &lt;3,sadness
listening to Lily Allen's last album - it's quite good,neutral
haha i just watch a funny ass video on youtube  made my day,worry
@Topify just for a little while.. to get an impression of how twitter-copy-topify,neutral
"If Hamilton gets a hockey team, I really think the name Hamilton should be in the team name. If not, I'll be sad.",sadness
"Finally, a beautiful, sunny day in Atlanta. Too bad I'm stuck inside working...",worry
"@ProudKiwi missed you by 10 min, haha. went to sleep at 15 past, but had a major anxiety attack around 630 again. ugh.  boo",sadness
just got home! not wanting to read the last chaper of breaking dawn cause i dont want it to beover,neutral
@meyen: You MUST watch Grey's. It was their 100th episode. Let me know once you do. I don't want to give out any more details,neutral
all my worms either escaped or died  bums!,neutral
"@weddingsites Not a problem. I loved that idea, and of course the photos were just perfect!",love
wants to go home and see Erin,neutral
Looking for a vibrating phone is like trying to find &quot;a feeling.&quot;,neutral
"I hate having to put my toddler in a disposable, but her rash needs ointment. I hate her having a rash even worse.",neutral
@kelleyviolet That sucks!    It's thundering here.  I'm getting ready to shut down.,neutral
@Blue_MandM Helaas.. En thanks!,happiness
"Sadly, the time has come to put my mom in a home",worry
gotta hit the hay y'all. big day with the kiddos 2maro. i love being a mommy  much love-- lil,love
@smithld I picked up some stuff I missed the 2nd time  And to think you missed all the in jokes too!,worry
@XO_SUFI_XO yeah and when you are not working at paying jobs(volunteer/intern) the $ tends to disappear rather quickly...gotta slow down,neutral
@tifftiff88 what don't be sad?  Be glad. Your 21,sadness
at work booo....,neutral
@AngelaRyan jet blue is okay I guess. They cancel flights and don't have a lot of backup planes. And no first class,worry
I wish I could get my nails done  stupid job,sadness
@AmongstStars awee!,neutral
"Oh before I forgot, Happy Star Wars Day! May the Fourth be with you!",love
"@JubileeHR When your wife's a teacher, you spend a lot of time indoors.  Trying to take some stress off the admin for May, writing often.",worry
@SquishT77 So sorry to hear about your mum.,neutral
feelin a bit 'dangerous'. off to watch tha vids  http://bit.ly/9X0Us,worry
I should be paying my bills and not playing on here.,neutral
@makikaysantos http://bit.ly/izhdy  here looove.,neutral
crash in Qmbol,neutral
"@LindzluvsNKOTB I'm not going on the cruise. Wish I was, but I'm just going on vacation. Thanks though",neutral
time to get ready for work,neutral
Enjoy your hols  xxx,neutral
@lukeylukess u were awesome at the bull and bush the other day   cant wait to see u at the loft x,worry
"Work, work, work and why did I get so tired all of a sudden. @PaulAros , nicole told me you say 'Hi' aww she was so enthusiastic  hi paul",neutral
"is starting her pre europe diet today  goodbye midnight snacks, goodbye iced tea, hello momol. HAHAHAHAHA! http://plurk.com/p/rplpr",neutral
would some one plese suggest me a great thriller movie,neutral
"@jgooden When you put it that way... it doesn't make much sense, does it?    ROTFL!!",worry
"@DonGeronimo dear michael sorce, you crack me up! sincerely, me",neutral
I think my modem failed-having pc withdrawals..,sadness
not well,neutral
"@ravegabe If you do, I'm sure you'll enjoy",neutral
Geeze- I'm just wondering what is wrong with some people. I either need to go for a run or go to sleep. Tomorrow should be a fun day.,worry
http://twitpic.com/67l90 - @lunawoodcock girrrrrrrrlll i'm going to miss you so bad!!!!,worry
@chromasia I saw your tweet minutes before going to lunch.  Decided to skip that today. Thanks for saving me the money  Speedy recovery!,love
"@MrPhotographic Happy b-day! Just woke up on this side of Earth, so wishes are bit late",love
in communications class,neutral
"yup, def swine flu. I think it was the sausage.",worry
"i'm so worn out, this week has sped by soo fast. gonna ask mum if we can go to the movies. i'm desperate",worry
Officially Mother Day here HAPPY Mother Day to all the MOMS,love
put my dog to sleep  I love you abby RIP&lt;3,love
@QueenofKong No need 2 apologize mama i respect you for that,neutral
@JerryShaw lol get some then!!  n give me one too,neutral
@bestdaeever ooohhh imma need you to get on that asap love you,love
"damnnn this day came to fast, but i cherished all the moment i had",neutral
@LGDADON it makes perfect sense. I guess i am very down to earth. Thanks for your reply,neutral
@JENakaGorgeousB happy mother's day to your mom,love
@donttrythis that is why I drive a (teeny tiny) honda civic  http://myloc.me/FRy,worry
@ragazza_matta take my &quot;how well do you know me&quot; quiz!! i made one the other day... no one took it yet  i put pics from yday on fb xx,neutral
@gillianre  im not happy im emailin a complaint! haha il hav 2listen again on sunday,worry
"going to die from study overload this weekend. too much homework, with paying work to interrupt! i'm screwed",sadness
"At work again, when the weather is beautifullll",neutral
Omg what is up with parents today !  I've been fighting with mine,sadness
Going to hibernate,neutral
"Oh, ew. That's too bad - after not using this certain lip gloss for a long time I just tried to wear it - literally making my lips burn.",sadness
goodnight to all.,neutral
@DJLTHEMASTERKEY i guesss,neutral
"@Tayluvsbroadway yeah  fail times. she was in an accident like a month ago, too, almost same thing. was on the bus on her motorscooter",worry
Drivin home and listenin to 50! fucking lightweights! left me stag! bullshit!  love you though  especially you toesha  haha HA!,love
"@SmellTheCheese I know, that is so sad.  I",sadness
@iJanette http://twitpic.com/4wl7x - Very pretty Janette  I have that exact same Hey Monday band!  And its on the same arm :O,neutral
@MyNC I was wondering....   Have a GREAT weekend!,worry
@nicolerichie have you watched Persepolis? Broken English is also nice for sundays,neutral
@brookstuh am I not good enough,worry
Mmmm Ham  Yummy! I have hat hair...Stupid Deli ._.,worry
@Sweet_Charlotte We should! There will be another thrown I'm sure but this one will be with my American family,neutral
@andy_sims do you know of any inside scoop on a station that's anything what kwod was? there's nothing for us now,neutral
@Personal_Trainr Thanks for the link.  It made me smile,neutral
i'm gonna miss all the live Comet action tomorrow! i have to go take care of my cousins and they don't have access to the interwebz,worry
"mmm mmm mmm! tss tsss tss. LOL, having way too much fun being bored.  i miss him",worry
"I've been really tough, but it still sucks to live 5000 miles away from your family when you crave for Korean homemade meal.",worry
Wow just realized haven't checked Twitter since 9am when I saw my to-do list. Good news- got lot done. Bad news-don't know where day went,neutral
@clairemaxwell i know that feeling way too well - have a nice walk,worry
off to work now,sadness
needs a non-long distance boyfriend/girlfriend. Watching Sonny with A Chance,neutral
@dahntay OMG that dunk on Dampier was MASSIVE! Big ups!!! Love it...,love
"just as i finish checking all my emails, i get 5 more. because like 5 more people are following me on twitter. hi people following me!",neutral
@rachky @taltalush Yes. I am secure in my masculinity.,worry
listening to jubey snoring on the phone  hehe goodnight,neutral
show time baby! bye bye for now Tweeters,sadness
"its really incredibly gross outside, so im hoping to get alot done int he house today!  including pics on the blog! morning friends!",worry
@JustJayde  Make sure ur plantin next to the water in the soil,neutral
@MelodyLeaLamb Goooood Morning Melody! Wishing you a Wonderful Mother's Day with your family!,love
@kyza holy cute! Dexter has already lost his kitten face  gettin a chunky butt since we got back from qld too haha,worry
"just finished an exam, every1 else has finished cos I chose i different course to my friends I have one more exam on Thurs next week",neutral
"@assos Eh, it's alright - nowhere near the same quality as a standard keyboard, but still useful!",worry
"Too much food at today's company gill out, want to go home and lay in the sun. Instead here until dark, probably",worry
"We actually have milestones due for 3 high profile projects in the next 2 weeks, &amp; they are all scheduled when I am on vacation -",neutral
@tldn thanks! we want to continue to improve our process for the benefit of customers - things like this just take time,worry
Is sad when people's phones are dead,sadness
uploading some pictures,neutral
Going to @LittleSkillet for lunch today with @earth2andy. Who's in? I still need to hit the ATM.,neutral
ah seriously i dont even work with children some how i am still sick!  groundhog friday just got worse.,worry
@NovaWildstar Erm yeah watch as it sways and collapses into the river below lol.  Next time you are here we shall have to drag you there,worry
iPod touch = brick.,neutral
"@mrpandora I got a headache because of all the hard work today, still not ready, with a #Heineken trying to finished up",neutral
@PicSeshu there u go,neutral
Alright gang. Gotta go park with family for an hour. Back then  Mwahs to yu if you head to bed before then,neutral
@kevincl Same here. But I am just going to browse SA until I get bored.,neutral
Off to the gym by myself!  no fun!,neutral
"@tommcfly It's 12:30AM, @buonotomato stopped tweeting, my brain's not functioning. I wanna cry. Haha. Philippines tour, please?  Love ya!",love
i was an extra. got ready for work for nothing. studying all night,worry
cook ; do you wanna measure my dick? its daddy-size.,sadness
@infobunny Ouch. Realising how sheltered my upbringing was.,neutral
3oh!3 on the radio  they were amazing yesterday.,neutral
Very bummed I can't go to the @shiftworkspace open house today.   DD and I woke up with a stomach bug.  Blech.  Y'all have fun!,neutral
@shablack I give it 2 snaps down  how's work going?,neutral
"Thumbs up to Wolverine, Taco Bell Cheese Roll-ups, and mothers... you're all the best",happiness
the kids are going to see up without me.,neutral
whoa. that was some showering session,neutral
is watching movies,neutral
"@Georgielockwood IM SORRRYY  i went to the cinema with my broth.. cause im cool.. and yeah im sorrrry  TOMORROW THO, ILL MAKE SURE OF IT",worry
My comp is being slo w,neutral
its sprinkling outside  i hope it doesn't rain during our game ..,worry
@arcadecore you wish,neutral
@murrion nope.. sliverlight is client a side tech,neutral
@tweetvisor what happened to my real-time feed? Now friend feed is just like the Twitter website,neutral
"gonna have to eat something, I feel so horrid.  I need a hug!",worry
@LLCOOLDAVE Trying to fix my background,sadness
My arms hurt,neutral
yay new computer to fiddle about with,neutral
"Bears, beets, and... shit, never mind   How about SG1, take-out, and wasabi vodka with ginger ale and lime...",neutral
@Sammysamsam5 That movie made me cryHARDCORE!!!!!  I loved it...,love
"@jocope well, I was under the impression most people have the urge to buy new sofas  To be fair, we're not tiling, we have a man for that",neutral
"@spinallhead Bom dia, Uï¿½tisson!",neutral
yeah.... and im gonna take ur picture off my ipod baby..,worry
I don't remember what i text to twitter to get a list of commands  halp,worry
Be beautiful        http://www.theskinsociety.com,neutral
"@RealHughJackman You were absolutely amazing in the Wolverine  you're sooo beautiful !! you're also such an amazing person, i look up to u",neutral
@JamaicaPanama I'm here if ur here for me!,worry
Sorting out Twitter issues....very frustrated that you can't talk to someone and they respond slowly to issues - capacity the challenges,neutral
wow the last hour of twittering that I've been doing has yet to be sent over to twitter..  guys bare w me...,neutral
cant wait to get home. i hate my job,worry
@bigcitysomeone  I wish I could go. See ya at Warped for sure tho!,worry
@saranw Thank you! You should know that I am both happy and sad (all at the same time) to know that. You've got &quot;The Right Stuff&quot;,worry
@MIssKatherine Omg granddads bday was epic lol. &amp; no i havent heard anything yet so i dont think,worry
http://twitpic.com/4wah5 - haha that's right,neutral
"@Drob114 thanks for rubbing it in, jerk  where are you guys going this weekend?",happiness
@perze my gut feel says its gonna be a boy ababa,worry
its really hot out today  being hairy is gay,worry
http://twitpic.com/66vld - i don't like this bangs! I want my hair back!,neutral
the week just wasnt the same without an adam lambert performance!!!,neutral
Just finished weeding the flower bed. Why is it the weeds grow so well but legitimate plants hate me?,neutral
"@selenagomez Hey selena, i'm your brazilian fan, and i love you so much. you're my inspiration, please, reply me",love
@Pink congradts on ur show  Even tho i wasnt there lol,sadness
"Dizzy  I wanna lie die, but those calories aren't gonna just balk because I ignore them.",worry
It wasn't a good day ..,sadness
@CHRISDJMOYLES Sorry to spoil it but he didn't this time,sadness
"Went to a party last night. Dindin and I showed up in matching outfits ) GREAT MINDS THINK ALIKE ) Anyway, happy birthday, ate lara",sadness
says np- Because of You -- Ne-Yo  (music) http://plurk.com/p/svm3r,neutral
Picture Day for 3 YO preschooler. Light blue striped utton down and kahkis.  Wonder what color they will be when I pick him up in 3 hours,sadness
@kiitzyy I think so hahah geez lady 3 hours ago?? Go to bed!! Lack of sleep is bad for your skin!,worry
Kristen i miss you,worry
"@kevinriley Heh, thanks for that adorable plug  *cough* more info at: www.samstephens.com *cough* *cough*",neutral
@TDRFarmer Are you going to the game tonight? There is so much excitement today that I'm feeling left out. Have other plans,happiness
Livin on ur own iznt nice at all. I miss my mum,worry
Reached Bangalore!! Now gotta hunt for rooms,worry
"Have lots 2do as usual! laundry, thanking God, cleaning house, praising God, cutting the hedge and thanking and praising God some more!",neutral
@atlteabagged ur not blind  i was just browsing &amp; saw ur tweet &amp; figured i could answer ur query plus i wanted to know too,worry
@Mrsdaughtry Happy Mothers Day!,love
@souljaboytellem Good night,neutral
Yea baby!! Im gonna miss you so much,worry
@_faeriequeen I just saw the Hamlet update too - excellent news... Never so good as live though,happiness
@Orcon DMed you.,neutral
"The Paper Route album is &quot;Absence,&quot; not &quot;Absence While Working on Cabinets.&quot;",neutral
Just had mothers day lunch here  http://twitpic.com/4wfeo,neutral
@kkindlen and @MandaBown thanks  hoping its just allergies and not a nasty flu!,neutral
"Happy Mother's Day to everyone's mothers, mothers-to-be, grandmothers, great grandmothers...All the WOMEN! I salute you all",happiness
half my class just called me retarded it hurt for real,worry
unplugging for the rest of the day.  Have a good one everybody!!,neutral
@lmpotter You're very welcome,neutral
@stellarciarra wasnt it sad?  was the 3d good?,sadness
I'm a new french girl in Twitter! And I speak English very bad,worry
@sera_bishop  sez need to get u to look at my flights again  will email ur work tonite,worry
"@angusmaclean yeah I've been there, my son is two so we go to only the kid friendly places now;) congrats on the baby!",neutral
Is getting more and more excited about thorpe park tomorrow,neutral
"Ouvindo &quot;The Wonders - All my only dreams&quot;, a melhor banda do mundo que nunca existiu. Pra comeï¿½ar bem o dia.",neutral
home from school now. watching that '70 show,neutral
@rookiepaul that doesnt sound like a good situation,neutral
@HazelAngeli @V0TR0N  too bad Vo got me sick I think  &amp; I don't even have meds to feel like you.,worry
@BarryManilow Not been on for a while eh Barry lol.Tweet deck is like prehistoric lol,worry
@thesehazeleyz  if you need to talk or vent let me know,neutral
I just had a horrible dream.,sadness
@zwriter Your missing qualifying  I think David Reutimann is leading with a 22.96 ....,worry
@PodRED road trip ftw  am playing with trains today so it's all good here,happiness
"@maryjanewatson I'm trying my dang hardest to not watch the movie again until I finish the book, again.",sadness
working from home and ran out of coffee!,neutral
Found out that one great thing about living in Switzerland is the delicious bread - sometimes little things can make a difference,worry
was gonna go to my brothers show but still feeling like poo :**(,neutral
"@joshroyse Josh  Excuse me, but, at what time is it going to begin?",worry
@SarahInMI sounds like a great way to to start mothers day! Enjoy your day,happiness
"And why do they think &quot;how much they want it&quot; is a factor? I really want to be 19 and fit again, but that's just not going to happen",neutral
"@jtimberlake Good luck whit the show tonite man, ill be watching",neutral
ajab chizi shode in blog-am :x che axayi ke migiram man,worry
"@butterflydi i'll be back on it later today, got plenty of gold, but willing to help you out, if you need anything at all",sadness
cramps r eew  shall hug a soft toy to my tummy n zzz the pain away,worry
I'm siiiiiickkk  I dun feel good!!,worry
@shantl Thank you!,neutral
@die_lavish i told diamond to follow you. and why u aitn share the starburst,worry
@da_gurl_cece what up?,neutral
@destroytoday hahah I'll try,neutral
Happy Mother's day!  miss my mom so much... Always will be the best mom ever!,love
"@JohnHLynn Now it let me upload a pic, but I don't have one of myself in the PC",neutral
@sweet19 awesome. lemme see when you're done.,happiness
"mmm, just had the best delicious chocolate pancakes for tea break. oh thank God for HERHSEY'S Chocolate Syrup!",love
"I'm seeing quite a few proto-furries here, now that I think of it.  #acen",sadness
@jasonrockz352 aw man im sorry! I have logical reasoning I promise! I had to study in order to tutor my new student! 4give me,sadness
grrrr youtube wont let me watch the @Jonasbrothers chat again,neutral
@mzunyque thanks. before the major chop.,love
"just tried talking........voice died before end of sentence! Annpyimg thing id, i feel fine!! Another day of not playing the hits",worry
Post-crash Spotlight is now spinning its wheels indexing my Time Machine backup drive. Naturally the drive is in the &quot;do not index&quot; list,worry
Good morning! I'm just woke up it's Mother's Day,neutral
Blogging-- http://13tolife.us/ Mentioning links to contests where you might just win a free book or two!,love
"@PoisonIvy69 Fine thanks, not long now till Christmas....I'm excited",neutral
@SassySpider follow me too,neutral
@Metal0520 I haven't talked to you since the last day of school!  that's no right.,worry
"I have test tomorrow but i dont study, then i go very bad",neutral
House hunting for next year= No FUN!,neutral
crashing from my WI high...missing mayfield,neutral
"@judyrey Thank you, Judy! Same back at you!",happiness
"took a math test today. The day before the test, the teacher says bring your calculator. Luke was confident. Teacher decided no calcs.",worry
"@Skiingfreak77 and by the way it's short stack, not sway sway  sway sway baby is a song of theirs",sadness
@RSC_Girl123 Tom Petty and the Heartbreakers have my eternal love. Benjamin.  ????????????????????????????????????????????????????????????,love
Choked on her retainers,neutral
"i need to see @betsycon7...now! someone buy me a plane ticket, please?",neutral
@RobbieBarnes weaned myself off it,neutral
@dudboi Well there's nothing to do but to keep swimming. You'll get there eventually,worry
@happylovesChuck I know. But the second problem being: he doesn't REALLY exist still applies. Shame,worry
I wish i had a smartphone with an irc app. That'd be pretty cool.,sadness
@cwbtoad Thanks bro.,neutral
Just got home from school LOL 2 1/2 weeks left yay!!! Then off 2 summer school,love
@zhayrar Aw you are and you're welcome,neutral
My flip flop just broke...walking in downtown seattle,neutral
@zampeachie PANGE???!!!!! AHAHAHAHAHA. You two could meet up for drinks.,neutral
Not looking forward to this long trip in the morning. I'm sick,worry
"@miligosa how fun!! I like the beach, but I tend to get really dark fast.",worry
"must... stop... using... LOL, so much... crap I did it again",worry
@drumzonly yay. das tut trotzdem weh.,neutral
I'm missing one of my diamond earrings. This makes me sad.,sadness
